"52048abe0cc85","2013-08-08 23:26:38","1","1_1","1","1",NULL,"(363:142);(360:179);(335:244);(319:270);(284:268);(291:217);(310:176);(324:144);(360:139);(364:145);","169.233.52.118","1",NULL,"0"
"52048abe0cc85","2013-08-08 23:26:51","1","1_2","1","2",NULL,"-5","169.233.52.118","2",NULL,"0"
"52048abe0cc85","2013-08-08 23:28:03","1","3_1","3","1",NULL,"(19:246);(17:362);(485:358);(478:238);(17:246);","169.233.52.118","3",NULL,"0"
"52048abe0cc85","2013-08-08 23:29:07","1","3_4","3","4",NULL,"(161:273);(17:136);(13:368);(493:358);(487:284);(164:273);","169.233.52.118","4",NULL,"0"
"52048abe0cc85","2013-08-08 23:29:43","1","3_2","3","2",NULL,"(14:289);(342:299);(441:356);(12:353);(14:293);","169.233.52.118","5",NULL,"0"
"52048abe0cc85","2013-08-08 23:30:00","1","3_3","3","3",NULL,"(370:294);(28:286);(24:363);(370:362);(365:293);","169.233.52.118","6",NULL,"0"
"52048abe0cc85","2013-08-08 23:31:03","1","2_1","2","1",NULL,"(365:297);(424:302);(417:71);(348:71);(362:287);(362:294);","169.233.52.118","7",NULL,"0"
"52048abe0cc85","2013-08-08 23:31:25","1","2_5","2","5",NULL,"(365:40);(367:220);(420:227);(420:41);(364:41);","169.233.52.118","8",NULL,"0"
"52048abe0cc85","2013-08-08 23:31:53","1","2_6","2","6",NULL,"(82:82);(81:249);(144:251);(134:69);(81:83);","169.233.52.118","9",NULL,"0"
"52048abe0cc85","2013-08-08 23:32:09","1","2_2","2","2",NULL,"(85:85);(80:230);(147:227);(139:67);(87:87);","169.233.52.118","10",NULL,"0"
"52048abe0cc85","2013-08-08 23:32:25","1","2_4","2","4",NULL,"(74:92);(75:246);(149:225);(149:85);(70:88);","169.233.52.118","11",NULL,"0"
"52048abe0cc85","2013-08-08 23:32:43","1","2_7","2","7",NULL,"(111:89);(65:82);(71:258);(147:262);(112:90);","169.233.52.118","12",NULL,"0"
"52048abe0cc85","2013-08-08 23:32:54","1","2_3","2","3",NULL,"(341:97);(346:250);(435:251);(435:95);(342:97);","169.233.52.118","13",NULL,"0"
"52048abe0cc85","2013-08-08 23:33:20","2","3_2","3","2",NULL,"(331:335)","169.233.52.118","14",NULL,"0"
"52048abe0cc85","2013-08-08 23:33:25","2","3_1","3","1",NULL,"(328:313)","169.233.52.118","15",NULL,"0"
"52048abe0cc85","2013-08-08 23:33:31","2","3_4","3","4",NULL,"(246:328)","169.233.52.118","16",NULL,"0"
"52048abe0cc85","2013-08-08 23:33:36","2","3_3","3","3",NULL,"(172:328)","169.233.52.118","17",NULL,"0"
"52048abe0cc85","2013-08-08 23:33:50","2","2_3","2","3",NULL,"(377:167)","169.233.52.118","18",NULL,"0"
"52048abe0cc85","2013-08-08 23:33:59","2","2_6","2","6",NULL,"(330:197)","169.233.52.118","19",NULL,"0"
"52048abe0cc85","2013-08-08 23:34:05","2","2_4","2","4",NULL,"(109:166)","169.233.52.118","20",NULL,"0"
"52048abe0cc85","2013-08-08 23:34:22","2","2_7","2","7",NULL,"(364:178)","169.233.52.118","21",NULL,"0"
"52048abe0cc85","2013-08-08 23:34:43","2","2_1","2","1",NULL,"-5","169.233.52.118","22",NULL,"0"
"52048abe0cc85","2013-08-08 23:34:48","2","2_5","2","5",NULL,"(397:168)","169.233.52.118","23",NULL,"0"
"52048abe0cc85","2013-08-08 23:34:55","2","2_2","2","2",NULL,"(89:137)","169.233.52.118","24",NULL,"0"
"52048abe0cc85","2013-08-08 23:35:16","2","1_1","1","1",NULL,"(458:274)","169.233.52.118","25",NULL,"0"
"52048abe0cc85","2013-08-08 23:35:30","2","1_2","1","2",NULL,"(449:201)","169.233.52.118","26",NULL,"0"
"52048abe0cc85","2013-08-08 23:35:38","3","3_1_3","3","1","(265:110)","1","169.233.52.118","27",NULL,"0"
"52048abe0cc85","2013-08-08 23:35:45","3","2_2_2","2","2","(250:188)","1","169.233.52.118","28",NULL,"0"
"52048abe0cc85","2013-08-08 23:35:50","3","1_2_3","1","2","(330:200)","4","169.233.52.118","29",NULL,"0"
"52048abe0cc85","2013-08-08 23:35:59","3","2_7_1","2","7","(100:188)","2","169.233.52.118","30",NULL,"0"
"52048abe0cc85","2013-08-08 23:36:04","3","3_2_1","3","2","(235:300)","5","169.233.52.118","31",NULL,"0"
"52048abe0cc85","2013-08-08 23:36:08","3","1_2_1","1","2","(50:50)","1","169.233.52.118","32",NULL,"0"
"52048abe0cc85","2013-08-08 23:36:15","3","3_1_2","3","1","(235:240)","5","169.233.52.118","33",NULL,"0"
"52048abe0cc85","2013-08-08 23:36:19","3","3_4_1","3","4","(235:300)","5","169.233.52.118","34",NULL,"0"
"52048abe0cc85","2013-08-08 23:36:23","3","3_3_3","3","3","(265:110)","1","169.233.52.118","35",NULL,"0"
"52048abe0cc85","2013-08-08 23:36:26","3","3_2_3","3","2","(265:110)","1","169.233.52.118","36",NULL,"0"
"52048abe0cc85","2013-08-08 23:36:30","3","1_1_3","1","1","(330:200)","4","169.233.52.118","37",NULL,"0"
"52048abe0cc85","2013-08-08 23:36:34","3","2_3_2","2","3","(250:188)","2","169.233.52.118","38",NULL,"0"
"52048abe0cc85","2013-08-08 23:36:38","3","2_5_3","2","5","(400:188)","5","169.233.52.118","39",NULL,"0"
"52048abe0cc85","2013-08-08 23:36:42","3","2_3_3","2","3","(400:188)","5","169.233.52.118","40",NULL,"0"
"52048abe0cc85","2013-08-08 23:36:48","3","2_5_2","2","5","(250:188)","2","169.233.52.118","41",NULL,"0"
"52048abe0cc85","2013-08-08 23:36:53","3","3_2_2","3","2","(235:240)","1","169.233.52.118","42",NULL,"0"
"52048abe0cc85","2013-08-08 23:36:59","3","1_1_2","1","1","(450:310)","2","169.233.52.118","43",NULL,"0"
"52048abe0cc85","2013-08-08 23:37:06","3","2_4_2","2","4","(250:188)","3","169.233.52.118","44",NULL,"0"
"52048abe0cc85","2013-08-08 23:37:13","3","3_4_2","3","4","(235:240)","2","169.233.52.118","45",NULL,"0"
"52048abe0cc85","2013-08-08 23:37:19","3","3_3_1","3","3","(235:300)","4","169.233.52.118","46",NULL,"0"
"52048abe0cc85","2013-08-08 23:37:29","3","2_6_3","2","6","(400:188)","5","169.233.52.118","47",NULL,"0"
"52048abe0cc85","2013-08-08 23:37:36","3","2_2_1","2","2","(100:188)","5","169.233.52.118","48",NULL,"0"
"52048abe0cc85","2013-08-08 23:37:43","3","2_1_2","2","1","(250:188)","1","169.233.52.118","49",NULL,"0"
"52048abe0cc85","2013-08-08 23:37:46","3","3_4_3","3","4","(265:110)","1","169.233.52.118","50",NULL,"0"
"52048abe0cc85","2013-08-08 23:37:52","3","2_6_2","2","6","(250:188)","3","169.233.52.118","51",NULL,"0"
"52048abe0cc85","2013-08-08 23:37:56","3","2_4_3","2","4","(400:188)","1","169.233.52.118","52",NULL,"0"
"52048abe0cc85","2013-08-08 23:37:58","3","2_2_3","2","2","(400:188)","1","169.233.52.118","53",NULL,"0"
"52048abe0cc85","2013-08-08 23:38:04","3","2_7_3","2","7","(400:188)","4","169.233.52.118","54",NULL,"0"
"52048abe0cc85","2013-08-08 23:38:07","3","3_1_1","3","1","(235:300)","4","169.233.52.118","55",NULL,"0"
"52048abe0cc85","2013-08-08 23:38:11","3","2_1_1","2","1","(100:188)","1","169.233.52.118","56",NULL,"0"
"52048abe0cc85","2013-08-08 23:38:18","3","1_2_2","1","2","(450:310)","2","169.233.52.118","57",NULL,"0"
"52048abe0cc85","2013-08-08 23:38:21","3","2_4_1","2","4","(100:188)","5","169.233.52.118","58",NULL,"0"
"52048abe0cc85","2013-08-08 23:38:25","3","1_1_1","1","1","(50:50)","1","169.233.52.118","59",NULL,"0"
"52048abe0cc85","2013-08-08 23:38:34","3","2_5_1","2","5","(100:188)","1","169.233.52.118","60",NULL,"0"
"52048abe0cc85","2013-08-08 23:38:37","3","2_7_2","2","7","(250:188)","3","169.233.52.118","61",NULL,"0"
"52048abe0cc85","2013-08-08 23:38:40","3","2_3_1","2","3","(100:188)","1","169.233.52.118","62",NULL,"0"
"52048abe0cc85","2013-08-08 23:38:46","3","2_6_1","2","6","(100:188)","5","169.233.52.118","63",NULL,"0"
"52048abe0cc85","2013-08-08 23:38:51","3","3_3_2","3","3","(235:240)","1","169.233.52.118","64",NULL,"0"
"52048abe0cc85","2013-08-08 23:38:57","3","2_1_3","2","1","(400:188)","3","169.233.52.118","65",NULL,"0"
"52048abe0cc85","2013-08-08 23:39:20","2","444","0","0",NULL,"444","169.233.52.118","66","Took this test after a few beers I hope that is okay.","3"
"520529cb140f8","2013-08-09 10:42:13","3","3_3_2","3","3","(235:240)","5","207.62.144.240","67",NULL,"0"
"520529cb140f8","2013-08-09 10:42:21","3","1_2_1","1","2","(50:50)","1","207.62.144.240","68",NULL,"0"
"520529cb140f8","2013-08-09 10:42:31","3","2_5_1","2","5","(100:188)","1","207.62.144.240","69",NULL,"0"
"520529cb140f8","2013-08-09 10:42:35","3","2_5_2","2","5","(250:188)","3","207.62.144.240","70",NULL,"0"
"520529cb140f8","2013-08-09 10:42:53","3","2_1_3","2","1","(400:188)","4","207.62.144.240","71",NULL,"0"
"520529cb140f8","2013-08-09 10:42:57","3","2_5_3","2","5","(400:188)","5","207.62.144.240","72",NULL,"0"
"520529cb140f8","2013-08-09 10:43:03","3","3_2_3","3","2","(265:110)","1","207.62.144.240","73",NULL,"0"
"520529cb140f8","2013-08-09 10:43:08","3","2_7_2","2","7","(250:188)","1","207.62.144.240","74",NULL,"0"
"520529cb140f8","2013-08-09 10:43:12","3","2_4_2","2","4","(250:188)","2","207.62.144.240","75",NULL,"0"
"520529cb140f8","2013-08-09 10:43:18","3","2_3_3","2","3","(400:188)","5","207.62.144.240","76",NULL,"0"
"520529cb140f8","2013-08-09 10:43:19","3","2_3_1","2","3","(100:188)","1","207.62.144.240","77",NULL,"0"
"520529cb140f8","2013-08-09 10:43:33","3","3_4_3","3","4","(265:110)","3","207.62.144.240","78",NULL,"0"
"520529cb140f8","2013-08-09 10:43:41","3","2_2_3","2","2","(400:188)","1","207.62.144.240","79",NULL,"0"
"520529cb140f8","2013-08-09 10:43:44","3","2_4_1","2","4","(100:188)","5","207.62.144.240","80",NULL,"0"
"520529cb140f8","2013-08-09 10:43:48","3","2_7_1","2","7","(100:188)","1","207.62.144.240","81",NULL,"0"
"520529cb140f8","2013-08-09 10:43:49","3","2_7_3","2","7","(400:188)","5","207.62.144.240","82",NULL,"0"
"520529cb140f8","2013-08-09 10:43:53","3","3_3_3","3","3","(265:110)","1","207.62.144.240","83",NULL,"0"
"520529cb140f8","2013-08-09 10:43:58","3","1_1_1","1","1","(50:50)","1","207.62.144.240","84",NULL,"0"
"520529cb140f8","2013-08-09 10:44:12","3","3_2_1","3","2","(235:300)","5","207.62.144.240","85",NULL,"0"
"520529cb140f8","2013-08-09 10:44:16","3","2_6_2","2","6","(250:188)","1","207.62.144.240","86",NULL,"0"
"520529cb140f8","2013-08-09 10:44:22","3","3_1_3","3","1","(265:110)","2","207.62.144.240","87",NULL,"0"
"520529cb140f8","2013-08-09 10:44:29","3","2_1_2","2","1","(250:188)","2","207.62.144.240","88",NULL,"0"
"520529cb140f8","2013-08-09 10:44:34","3","2_1_1","2","1","(100:188)","3","207.62.144.240","89",NULL,"0"
"520529cb140f8","2013-08-09 10:44:37","3","1_2_3","1","2","(330:200)","5","207.62.144.240","90",NULL,"0"
"520529cb140f8","2013-08-09 10:44:42","3","3_2_2","3","2","(235:240)","4","207.62.144.240","91",NULL,"0"
"520529cb140f8","2013-08-09 10:44:47","3","1_1_2","1","1","(450:310)","3","207.62.144.240","92",NULL,"0"
"520529cb140f8","2013-08-09 10:44:49","3","3_1_1","3","1","(235:300)","5","207.62.144.240","93",NULL,"0"
"520529cb140f8","2013-08-09 10:44:54","3","2_3_2","2","3","(250:188)","2","207.62.144.240","94",NULL,"0"
"520529cb140f8","2013-08-09 10:44:58","3","3_4_1","3","4","(235:300)","5","207.62.144.240","95",NULL,"0"
"520529cb140f8","2013-08-09 10:45:02","3","2_4_3","2","4","(400:188)","1","207.62.144.240","96",NULL,"0"
"520529cb140f8","2013-08-09 10:45:04","3","2_2_1","2","2","(100:188)","5","207.62.144.240","97",NULL,"0"
"520529cb140f8","2013-08-09 10:45:06","3","3_1_2","3","1","(235:240)","5","207.62.144.240","98",NULL,"0"
"520529cb140f8","2013-08-09 10:45:11","3","2_6_3","2","6","(400:188)","1","207.62.144.240","99",NULL,"0"
"520529cb140f8","2013-08-09 10:45:13","3","2_2_2","2","2","(250:188)","1","207.62.144.240","100",NULL,"0"
"520529cb140f8","2013-08-09 10:45:15","3","2_6_1","2","6","(100:188)","5","207.62.144.240","101",NULL,"0"
"520529cb140f8","2013-08-09 10:45:19","3","3_4_2","3","4","(235:240)","5","207.62.144.240","102",NULL,"0"
"520529cb140f8","2013-08-09 10:45:24","3","1_2_2","1","2","(450:310)","2","207.62.144.240","103",NULL,"0"
"520529cb140f8","2013-08-09 10:45:26","3","3_3_1","3","3","(235:300)","5","207.62.144.240","104",NULL,"0"
"520529cb140f8","2013-08-09 10:45:28","3","1_1_3","1","1","(330:200)","5","207.62.144.240","105",NULL,"0"
"520529cb140f8","2013-08-09 10:45:51","1","2_3","2","3",NULL,"(340:86);(416:85);(414:225);(339:225);(339:87);","207.62.144.240","106",NULL,"0"
"520529cb140f8","2013-08-09 10:46:05","1","2_1","2","1",NULL,"(84:76);(80:216);(132:217);(148:78);(83:76);","207.62.144.240","107",NULL,"0"
"520529cb140f8","2013-08-09 10:46:16","1","2_4","2","4",NULL,"(92:96);(89:223);(191:223);(182:88);(91:95);","207.62.144.240","108",NULL,"0"
"520529cb140f8","2013-08-09 10:46:26","1","2_2","2","2",NULL,"(82:67);(85:225);(163:224);(152:64);(81:66);","207.62.144.240","109",NULL,"0"
"520529cb140f8","2013-08-09 10:46:35","1","2_6","2","6",NULL,"(84:103);(85:227);(167:226);(159:95);(86:101);","207.62.144.240","110",NULL,"0"
"520529cb140f8","2013-08-09 10:46:45","1","2_5","2","5",NULL,"(304:93);(303:267);(412:234);(405:86);(303:93);","207.62.144.240","111",NULL,"0"
"520529cb140f8","2013-08-09 10:46:57","1","2_7","2","7",NULL,"(313:106);(313:282);(411:301);(411:101);(315:105);","207.62.144.240","112",NULL,"0"
"520529cb140f8","2013-08-09 10:47:06","1","1_1","1","1",NULL,"(330:124);(298:269);(330:275);(369:144);(333:125);","207.62.144.240","113",NULL,"0"
"520529cb140f8","2013-08-09 10:47:15","1","1_2","1","2",NULL,"(334:123);(307:221);(339:231);(371:138);(335:123);","207.62.144.240","114",NULL,"0"
"520529cb140f8","2013-08-09 10:47:30","1","3_1","3","1",NULL,"(106:193);(101:366);(405:364);(385:182);(104:192);","207.62.144.240","115",NULL,"0"
"520529cb140f8","2013-08-09 10:47:40","1","3_3","3","3",NULL,"(106:234);(106:369);(400:369);(389:229);(104:236);","207.62.144.240","116",NULL,"0"
"520529cb140f8","2013-08-09 10:47:49","1","3_4","3","4",NULL,"(159:232);(158:369);(410:370);(395:233);(160:234);","207.62.144.240","117",NULL,"0"
"520529cb140f8","2013-08-09 10:47:57","1","3_2","3","2",NULL,"(91:231);(88:367);(386:368);(376:229);(91:232);","207.62.144.240","118",NULL,"0"
"520529cb140f8","2013-08-09 10:48:13","2","3_1","3","1",NULL,"(347:243)","207.62.144.240","119",NULL,"0"
"520529cb140f8","2013-08-09 10:48:18","2","3_2","3","2",NULL,"(306:287)","207.62.144.240","120",NULL,"0"
"520529cb140f8","2013-08-09 10:48:21","2","3_4","3","4",NULL,"(278:275)","207.62.144.240","121",NULL,"0"
"520529cb140f8","2013-08-09 10:48:25","2","3_3","3","3",NULL,"(340:288)","207.62.144.240","122",NULL,"0"
"520529cb140f8","2013-08-09 10:48:31","2","1_2","1","2",NULL,"(321:178)","207.62.144.240","123",NULL,"0"
"520529cb140f8","2013-08-09 10:48:34","2","1_1","1","1",NULL,"(329:201)","207.62.144.240","124",NULL,"0"
"520529cb140f8","2013-08-09 10:48:38","2","2_5","2","5",NULL,"(367:129)","207.62.144.240","125",NULL,"0"
"520529cb140f8","2013-08-09 10:48:44","2","2_6","2","6",NULL,"(138:158)","207.62.144.240","126",NULL,"0"
"520529cb140f8","2013-08-09 10:48:49","2","2_4","2","4",NULL,"(143:144)","207.62.144.240","127",NULL,"0"
"520529cb140f8","2013-08-09 10:48:52","2","2_7","2","7",NULL,"(385:156)","207.62.144.240","128",NULL,"0"
"520529cb140f8","2013-08-09 10:48:56","2","2_3","2","3",NULL,"(393:142)","207.62.144.240","129",NULL,"0"
"520529cb140f8","2013-08-09 10:49:00","2","2_1","2","1",NULL,"(102:146)","207.62.144.240","130",NULL,"0"
"520529cb140f8","2013-08-09 10:49:04","2","2_2","2","2",NULL,"(110:141)","207.62.144.240","131",NULL,"0"
"520529cb140f8","2013-08-09 10:49:21","2","444","0","0",NULL,"444","207.62.144.240","132","Enter comments or questions here","2"
"52056c100911b","2013-08-09 15:25:16","1","2_6","2","6",NULL,"(156:39);(160:364);(70:363);(71:38);(155:39);","128.114.59.154","133",NULL,"0"
"52056c100911b","2013-08-09 15:25:30","1","2_7","2","7",NULL,"(344:365);(344:33);(432:35);(430:357);","128.114.59.154","134",NULL,"0"
"52056c100911b","2013-08-09 15:25:47","1","2_4","2","4",NULL,"(206:365);(196:35);(69:31);(66:361);(202:364);","128.114.59.154","135",NULL,"0"
"52056c100911b","2013-08-09 15:26:00","1","2_1","2","1",NULL,"(155:366);(142:37);(68:33);(69:364);(153:365);","128.114.59.154","136",NULL,"0"
"52056c100911b","2013-08-09 15:26:13","1","2_3","2","3",NULL,"(333:33);(327:365);(432:363);(429:31);(332:31);","128.114.59.154","137",NULL,"0"
"52056c100911b","2013-08-09 15:26:24","1","2_2","2","2",NULL,"(161:31);(171:361);(69:366);(68:29);(157:29);","128.114.59.154","138",NULL,"0"
"52056c100911b","2013-08-09 15:26:37","1","2_5","2","5",NULL,"(304:364);(298:34);(419:33);(420:364);(303:364);","128.114.59.154","139",NULL,"0"
"52056c100911b","2013-08-09 15:27:05","1","3_3","3","3",NULL,"(7:131);(314:111);(387:65);(496:60);(495:369);(5:366);(7:131);","128.114.59.154","140",NULL,"0"
"52056c100911b","2013-08-09 15:27:17","1","3_2","3","2",NULL,"(222:4);(228:86);(337:85);(337:5);(223:4);","128.114.59.154","141",NULL,"0"
"52056c100911b","2013-08-09 15:27:42","1","3_4","3","4",NULL,"(218:7);(220:81);(363:82);(360:7);(495:4);(497:372);(5:369);(5:4);(220:5);","128.114.59.154","142",NULL,"0"
"52056c100911b","2013-08-09 15:27:59","1","3_1","3","1",NULL,"(224:6);(222:96);(362:95);(355:4);(493:4);(491:369);(9:370);(7:5);(222:5);","128.114.59.154","143",NULL,"0"
"52056c100911b","2013-08-09 15:28:12","1","1_2","1","2",NULL,"(309:107);(424:145);(394:249);(279:200);(311:107);","128.114.59.154","144",NULL,"0"
"52056c100911b","2013-08-09 15:28:22","1","1_1","1","1",NULL,"(318:120);(406:150);(365:292);(270:251);(316:122);","128.114.59.154","145",NULL,"0"
"52056c100911b","2013-08-09 15:28:28","3","2_3_3","2","3","(400:188)","5","128.114.59.154","146",NULL,"0"
"52056c100911b","2013-08-09 15:28:32","3","2_7_2","2","7","(250:188)","1","128.114.59.154","147",NULL,"0"
"52056c100911b","2013-08-09 15:28:36","3","1_1_1","1","1","(50:50)","1","128.114.59.154","148",NULL,"0"
"52056c100911b","2013-08-09 15:28:39","3","3_4_2","3","4","(235:240)","5","128.114.59.154","149",NULL,"0"
"52056c100911b","2013-08-09 15:28:44","3","2_4_2","2","4","(250:188)","3","128.114.59.154","150",NULL,"0"
"52056c100911b","2013-08-09 15:28:48","3","2_5_1","2","5","(100:188)","1","128.114.59.154","151",NULL,"0"
"52056c100911b","2013-08-09 15:28:50","3","3_1_1","3","1","(235:300)","5","128.114.59.154","152",NULL,"0"
"52056c100911b","2013-08-09 15:28:53","3","3_3_2","3","3","(235:240)","4","128.114.59.154","153",NULL,"0"
"52056c100911b","2013-08-09 15:28:58","3","1_2_2","1","2","(450:310)","2","128.114.59.154","154",NULL,"0"
"52056c100911b","2013-08-09 15:29:51","3","2_3_2","2","3","(250:188)","3","128.114.59.154","155",NULL,"0"
"52056c100911b","2013-08-09 15:29:54","3","2_5_2","2","5","(250:188)","3","128.114.59.154","156",NULL,"0"
"52056c100911b","2013-08-09 15:29:57","3","2_6_2","2","6","(250:188)","3","128.114.59.154","157",NULL,"0"
"52056c100911b","2013-08-09 15:29:59","3","2_1_2","2","1","(250:188)","1","128.114.59.154","158",NULL,"0"
"52056c100911b","2013-08-09 15:30:00","3","2_4_1","2","4","(100:188)","5","128.114.59.154","159",NULL,"0"
"52056c100911b","2013-08-09 15:30:02","3","1_1_3","1","1","(330:200)","5","128.114.59.154","160",NULL,"0"
"52056c100911b","2013-08-09 15:30:06","3","1_2_1","1","2","(50:50)","1","128.114.59.154","161",NULL,"0"
"52056c100911b","2013-08-09 15:44:37","3","2_5_3","2","5","(400:188)","5","128.114.59.154","162",NULL,"0"
"52056c100911b","2013-08-09 15:44:39","3","2_4_3","2","4","(400:188)","1","128.114.59.154","163",NULL,"0"
"52056c100911b","2013-08-09 15:44:42","3","3_3_3","3","3","(265:110)","2","128.114.59.154","164",NULL,"0"
"52056c100911b","2013-08-09 15:44:44","3","3_3_1","3","3","(235:300)","5","128.114.59.154","165",NULL,"0"
"52056c100911b","2013-08-09 15:44:46","3","3_2_3","3","2","(265:110)","2","128.114.59.154","166",NULL,"0"
"52056c100911b","2013-08-09 15:44:48","3","3_1_2","3","1","(235:240)","5","128.114.59.154","167",NULL,"0"
"52056c100911b","2013-08-09 15:44:51","3","3_4_1","3","4","(235:300)","5","128.114.59.154","168",NULL,"0"
"52056c100911b","2013-08-09 15:44:54","3","2_1_1","2","1","(100:188)","5","128.114.59.154","169",NULL,"0"
"52056c100911b","2013-08-09 15:44:56","3","3_2_2","3","2","(235:240)","3","128.114.59.154","170",NULL,"0"
"52056c100911b","2013-08-09 15:44:58","3","1_1_2","1","1","(450:310)","2","128.114.59.154","171",NULL,"0"
"52056c100911b","2013-08-09 15:45:02","3","3_1_3","3","1","(265:110)","2","128.114.59.154","172",NULL,"0"
"52056c100911b","2013-08-09 15:45:05","3","2_3_1","2","3","(100:188)","1","128.114.59.154","173",NULL,"0"
"52056c100911b","2013-08-09 15:45:07","3","2_2_2","2","2","(250:188)","2","128.114.59.154","174",NULL,"0"
"52056c100911b","2013-08-09 15:45:09","3","2_2_1","2","2","(100:188)","5","128.114.59.154","175",NULL,"0"
"52056c100911b","2013-08-09 15:45:10","3","2_6_1","2","6","(100:188)","5","128.114.59.154","176",NULL,"0"
"52056c100911b","2013-08-09 15:45:12","3","2_6_3","2","6","(400:188)","1","128.114.59.154","177",NULL,"0"
"52056c100911b","2013-08-09 15:45:14","3","2_1_3","2","1","(400:188)","1","128.114.59.154","178",NULL,"0"
"52056c100911b","2013-08-09 15:45:17","3","2_2_3","2","2","(400:188)","1","128.114.59.154","179",NULL,"0"
"52056c100911b","2013-08-09 15:45:20","3","3_4_3","3","4","(265:110)","3","128.114.59.154","180",NULL,"0"
"52056c100911b","2013-08-09 15:45:22","3","2_7_1","2","7","(100:188)","1","128.114.59.154","181",NULL,"0"
"52056c100911b","2013-08-09 15:45:24","3","3_2_1","3","2","(235:300)","5","128.114.59.154","182",NULL,"0"
"52056c100911b","2013-08-09 15:45:25","3","1_2_3","1","2","(330:200)","5","128.114.59.154","183",NULL,"0"
"52056c100911b","2013-08-09 15:45:27","3","2_7_3","2","7","(400:188)","5","128.114.59.154","184",NULL,"0"
"52056c100911b","2013-08-09 15:45:38","2","1_2","1","2",NULL,"(336:179)","128.114.59.154","185",NULL,"0"
"52056c100911b","2013-08-09 15:45:42","2","1_1","1","1",NULL,"(341:207)","128.114.59.154","186",NULL,"0"
"52056c100911b","2013-08-09 15:45:48","2","3_1","3","1",NULL,"(237:295)","128.114.59.154","187",NULL,"0"
"52056c100911b","2013-08-09 15:45:51","2","3_2","3","2",NULL,"(221:340)","128.114.59.154","188",NULL,"0"
"52056c100911b","2013-08-09 15:45:54","2","3_4","3","4",NULL,"(269:318)","128.114.59.154","189",NULL,"0"
"52056c100911b","2013-08-09 15:45:58","2","3_3","3","3",NULL,"(230:328)","128.114.59.154","190",NULL,"0"
"52056c100911b","2013-08-09 15:46:02","2","2_2","2","2",NULL,"(105:133)","128.114.59.154","191",NULL,"0"
"52056c100911b","2013-08-09 15:46:05","2","2_4","2","4",NULL,"(102:129)","128.114.59.154","192",NULL,"0"
"52056c100911b","2013-08-09 15:46:08","2","2_7","2","7",NULL,"(394:118)","128.114.59.154","193",NULL,"0"
"52056c100911b","2013-08-09 15:46:11","2","2_3","2","3",NULL,"(394:144)","128.114.59.154","194",NULL,"0"
"52056c100911b","2013-08-09 15:46:13","2","2_5","2","5",NULL,"(381:119)","128.114.59.154","195",NULL,"0"
"52056c100911b","2013-08-09 15:46:16","2","2_1","2","1",NULL,"(95:133)","128.114.59.154","196",NULL,"0"
"52056c100911b","2013-08-09 15:46:18","2","2_6","2","6",NULL,"(102:125)","128.114.59.154","197",NULL,"0"
"52056c100911b","2013-08-09 15:46:23","2","444","0","0",NULL,"444","128.114.59.154","198","Enter comments or questions here","2"
"5206c19d80793","2013-08-10 15:43:31","2","3_3","3","3",NULL,"(164:321)","81.153.3.26","199",NULL,"0"
"5206c19d80793","2013-08-10 15:43:53","2","3_4","3","4",NULL,"(188:333)","81.153.3.26","200",NULL,"0"
"5206c19d80793","2013-08-10 15:44:05","2","3_1","3","1",NULL,"(128:278)","81.153.3.26","201",NULL,"0"
"5206c19d80793","2013-08-10 15:44:12","2","3_2","3","2",NULL,"(114:330)","81.153.3.26","202",NULL,"0"
"5206c19d80793","2013-08-10 15:44:30","2","1_2","1","2",NULL,"(341:181)","81.153.3.26","203",NULL,"0"
"5206c19d80793","2013-08-10 15:44:52","2","1_1","1","1",NULL,"(327:201)","81.153.3.26","204",NULL,"0"
"5206c19d80793","2013-08-10 15:45:14","2","2_6","2","6",NULL,"(108:154)","81.153.3.26","205",NULL,"0"
"5206c19d80793","2013-08-10 15:45:38","2","2_4","2","4",NULL,"(81:150)","81.153.3.26","206",NULL,"0"
"5206c19d80793","2013-08-10 15:45:49","2","2_2","2","2",NULL,"(84:140)","81.153.3.26","207",NULL,"0"
"5206c19d80793","2013-08-10 15:46:04","2","2_1","2","1",NULL,"(95:110)","81.153.3.26","208",NULL,"0"
"5206c19d80793","2013-08-10 15:46:11","2","2_5","2","5",NULL,"(395:119)","81.153.3.26","209",NULL,"0"
"5206c19d80793","2013-08-10 15:46:15","2","2_7","2","7",NULL,"(408:141)","81.153.3.26","210",NULL,"0"
"5206c19d80793","2013-08-10 15:46:21","2","2_3","2","3",NULL,"(408:120)","81.153.3.26","211",NULL,"0"
"5206c19d80793","2013-08-10 15:46:38","3","3_1_3","3","1","(265:110)","1","81.153.3.26","212",NULL,"0"
"5206c19d80793","2013-08-10 15:46:44","3","2_6_3","2","6","(400:188)","1","81.153.3.26","213",NULL,"0"
"5206c19d80793","2013-08-10 15:46:49","3","2_2_1","2","2","(100:188)","5","81.153.3.26","214",NULL,"0"
"5206c19d80793","2013-08-10 15:46:53","3","2_5_2","2","5","(250:188)","1","81.153.3.26","215",NULL,"0"
"5206c19d80793","2013-08-10 15:47:00","3","1_1_2","1","1","(450:310)","1","81.153.3.26","216",NULL,"0"
"5206c19d80793","2013-08-10 15:47:03","3","2_2_2","2","2","(250:188)","1","81.153.3.26","217",NULL,"0"
"5206c19d80793","2013-08-10 15:47:07","3","2_3_3","2","3","(400:188)","5","81.153.3.26","218",NULL,"0"
"5206c19d80793","2013-08-10 15:47:10","3","3_3_1","3","3","(235:300)","5","81.153.3.26","219",NULL,"0"
"5206c19d80793","2013-08-10 15:47:13","3","2_4_1","2","4","(100:188)","5","81.153.3.26","220",NULL,"0"
"5206c19d80793","2013-08-10 15:47:16","3","1_1_1","1","1","(50:50)","1","81.153.3.26","221",NULL,"0"
"5206c19d80793","2013-08-10 15:47:22","3","2_7_3","2","7","(400:188)","5","81.153.3.26","222",NULL,"0"
"5206c19d80793","2013-08-10 15:47:25","3","2_3_1","2","3","(100:188)","1","81.153.3.26","223",NULL,"0"
"5206c19d80793","2013-08-10 15:47:32","3","3_2_2","3","2","(235:240)","4","81.153.3.26","224",NULL,"0"
"5206c19d80793","2013-08-10 15:47:35","3","1_1_3","1","1","(330:200)","5","81.153.3.26","225",NULL,"0"
"5206c19d80793","2013-08-10 15:47:38","3","2_7_1","2","7","(100:188)","1","81.153.3.26","226",NULL,"0"
"5206c19d80793","2013-08-10 15:47:41","3","3_1_1","3","1","(235:300)","5","81.153.3.26","227",NULL,"0"
"5206c19d80793","2013-08-10 15:47:44","3","2_7_2","2","7","(250:188)","1","81.153.3.26","228",NULL,"0"
"5206c19d80793","2013-08-10 15:47:48","3","2_1_3","2","1","(400:188)","1","81.153.3.26","229",NULL,"0"
"5206c19d80793","2013-08-10 15:47:56","3","3_4_3","3","4","(265:110)","1","81.153.3.26","230",NULL,"0"
"5206c19d80793","2013-08-10 15:50:34","3","2_3_2","2","3","(250:188)","1","81.153.3.26","231",NULL,"0"
"5206c19d80793","2013-08-10 15:50:38","3","2_6_1","2","6","(100:188)","5","81.153.3.26","232",NULL,"0"
"5206c19d80793","2013-08-10 15:50:40","3","3_3_3","3","3","(265:110)","1","81.153.3.26","233",NULL,"0"
"5206c19d80793","2013-08-10 15:50:45","3","3_1_2","3","1","(235:240)","4","81.153.3.26","234",NULL,"0"
"5206c19d80793","2013-08-10 15:50:47","3","1_2_2","1","2","(450:310)","1","81.153.3.26","235",NULL,"0"
"5206c19d80793","2013-08-10 15:50:52","3","3_4_1","3","4","(235:300)","5","81.153.3.26","236",NULL,"0"
"5206c19d80793","2013-08-10 15:50:55","3","1_2_1","1","2","(50:50)","1","81.153.3.26","237",NULL,"0"
"5206c19d80793","2013-08-10 15:50:57","3","2_5_3","2","5","(400:188)","5","81.153.3.26","238",NULL,"0"
"5206c19d80793","2013-08-10 15:51:00","3","3_2_1","3","2","(235:300)","5","81.153.3.26","239",NULL,"0"
"5206c19d80793","2013-08-10 15:51:10","3","1_2_3","1","2","(330:200)","5","81.153.3.26","240",NULL,"0"
"5206c19d80793","2013-08-10 15:51:26","3","2_4_2","2","4","(250:188)","1","81.153.3.26","241",NULL,"0"
"5206c19d80793","2013-08-10 15:51:32","3","3_2_3","3","2","(265:110)","1","81.153.3.26","242",NULL,"0"
"5206c19d80793","2013-08-10 15:51:34","3","2_2_3","2","2","(400:188)","1","81.153.3.26","243",NULL,"0"
"5206c19d80793","2013-08-10 15:51:38","3","2_1_1","2","1","(100:188)","5","81.153.3.26","244",NULL,"0"
"5206c19d80793","2013-08-10 15:52:18","3","3_3_2","3","3","(235:240)","3","81.153.3.26","245",NULL,"0"
"5206c19d80793","2013-08-10 15:52:20","3","3_4_2","3","4","(235:240)","4","81.153.3.26","246",NULL,"0"
"5206c19d80793","2013-08-10 15:52:25","3","2_4_3","2","4","(400:188)","1","81.153.3.26","247",NULL,"0"
"5206c19d80793","2013-08-10 15:52:28","3","2_5_1","2","5","(100:188)","1","81.153.3.26","248",NULL,"0"
"5206c19d80793","2013-08-10 15:52:33","3","2_6_2","2","6","(250:188)","3","81.153.3.26","249",NULL,"0"
"5206c19d80793","2013-08-10 15:52:34","3","2_1_2","2","1","(250:188)","3","81.153.3.26","250",NULL,"0"
"5206c19d80793","2013-08-10 15:52:53","1","1_2","1","2",NULL,"(319:117);(396:140);(366:242);(286:231);(314:117);(318:114);","81.153.3.26","251",NULL,"0"
"5206c19d80793","2013-08-10 15:53:07","1","1_1","1","1",NULL,"(315:113);(403:140);(377:297);(258:287);(314:111);","81.153.3.26","252",NULL,"0"
"5206c19d80793","2013-08-10 15:53:18","1","2_2","2","2",NULL,"(73:38);(157:40);(159:235);(71:231);(71:37);","81.153.3.26","253",NULL,"0"
"5206c19d80793","2013-08-10 15:53:40","1","2_4","2","4",NULL,"(74:36);(189:37);(196:229);(69:227);(73:37);","81.153.3.26","254",NULL,"0"
"5206c19d80793","2013-08-10 15:53:53","1","2_6","2","6",NULL,"(75:217);(76:59);(155:58);(160:101);(223:104);(227:279);(147:288);(129:225);(77:215);","81.153.3.26","255",NULL,"0"
"5206c19d80793","2013-08-10 15:54:02","1","2_5","2","5",NULL,"(294:78);(300:235);(418:229);(414:62);(298:75);","81.153.3.26","256",NULL,"0"
"5206c19d80793","2013-08-10 15:54:10","1","2_7","2","7",NULL,"(346:103);(352:215);(412:204);(407:94);(347:103);","81.153.3.26","257",NULL,"0"
"5206c19d80793","2013-08-10 15:54:21","1","2_1","2","1",NULL,"(91:217);(139:216);(134:41);(84:40);(90:221);","81.153.3.26","258",NULL,"0"
"5206c19d80793","2013-08-10 15:54:44","1","2_3","2","3",NULL,"(336:44);(339:231);(428:230);(426:42);(334:40);","81.153.3.26","259",NULL,"0"
"5206c19d80793","2013-08-10 15:54:55","1","3_4","3","4",NULL,"(143:294);(380:292);(387:365);(129:364);(136:295);","81.153.3.26","260",NULL,"0"
"5206c19d80793","2013-08-10 15:55:05","1","3_2","3","2",NULL,"(90:296);(350:289);(355:368);(75:368);(88:297);","81.153.3.26","261",NULL,"0"
"5206c19d80793","2013-08-10 15:55:16","1","3_3","3","3",NULL,"(101:288);(377:294);(380:370);(62:367);(97:289);","81.153.3.26","262",NULL,"0"
"5206c19d80793","2013-08-10 15:55:26","1","3_1","3","1",NULL,"(89:241);(365:242);(386:362);(12:362);(86:240);","81.153.3.26","263",NULL,"0"
"5206c19d80793","2013-08-10 15:55:31","2","444","0","0",NULL,"444","81.153.3.26","264","Enter comments or questions here","3"
