<?xml version="1.0" encoding="UTF-8"?>
<rules xmlns:xsi="http://www.w3.org/2001/XMLSchema-instance" xsi:noNamespaceSchemaLocation="../../rules.xsd" name="moloko">
  <application dir="forward"/>
  <application dir="backward"/>
  <composition harmonic="true" dir="forward"/>
  <composition harmonic="false" dir="forward"/>
  <composition harmonic="true" dir="backward"/>
  <composition harmonic="false" dir="backward"/>
  <typeraising useDollar="false" dir="forward"/>
  <substitution harmonic="true" dir="forward"/>
  <substitution harmonic="false" dir="forward"/>
  <substitution harmonic="true" dir="backward"/>
  <substitution harmonic="false" dir="backward"/>
  <typechanging name="prep-n-location">
    <arg>
      <complexcat>
        <atomcat type="pp">
          <fs id="26">
            <feat attr="index">
              <lf>
                <nomvar name="M0"/>
              </lf>
            </feat>
            <feat val="+" attr="modifiable"/>
            <feat val="m-location" attr="mod-type"/>
            <feat val="n-left" attr="complexcat-type"/>
          </fs>
        </atomcat>
        <slash/>
        <dollar name="1"/>
      </complexcat>
    </arg>
    <result>
      <complexcat>
        <atomcat type="n">
          <fs inheritsFrom="15"/>
        </atomcat>
        <slash/>
        <dollar name="1"/>
        <slash mode="*" dir="\"/>
        <atomcat type="n">
          <fs id="15">
            <feat attr="num">
              <featvar name="NUM:num-vals"/>
            </feat>
            <feat attr="pers">
              <featvar name="PERS:pers-vals"/>
            </feat>
            <feat attr="index">
              <lf>
                <nomvar name="T"/>
              </lf>
            </feat>
            <feat val="basic" attr="nform"/>
          </fs>
        </atomcat>
        <lf>
          <satop nomvar="T:entity">
            <diamond mode="Location">
              <nomvar name="M0:modifier"/>
            </diamond>
          </satop>
        </lf>
      </complexcat>
    </result>
  </typechanging>
  <typechanging name="prep-np-location">
    <arg>
      <complexcat>
        <atomcat type="pp">
          <fs id="26">
            <feat attr="index">
              <lf>
                <nomvar name="M0"/>
              </lf>
            </feat>
            <feat val="+" attr="modifiable"/>
            <feat val="m-location" attr="mod-type"/>
            <feat val="n-left" attr="complexcat-type"/>
          </fs>
        </atomcat>
        <slash/>
        <dollar name="1"/>
      </complexcat>
    </arg>
    <result>
      <complexcat>
        <atomcat type="np">
          <fs inheritsFrom="15"/>
        </atomcat>
        <slash/>
        <dollar name="1"/>
        <slash mode="*" dir="\"/>
        <atomcat type="np">
          <fs id="15">
            <feat attr="num">
              <featvar name="NUM:num-vals"/>
            </feat>
            <feat attr="pers">
              <featvar name="PERS:pers-vals"/>
            </feat>
            <feat attr="case">
              <featvar name="CASE:case-vals"/>
            </feat>
            <feat attr="index">
              <lf>
                <nomvar name="T"/>
              </lf>
            </feat>
            <feat attr="nform">
              <featvar name="NFORM:nform"/>
            </feat>
            <feat val="+" attr="modifiable"/>
          </fs>
        </atomcat>
        <lf>
          <satop nomvar="T:entity">
            <diamond mode="Location">
              <nomvar name="M0:modifier"/>
            </diamond>
          </satop>
        </lf>
      </complexcat>
    </result>
  </typechanging>
  <typechanging name="prep-vp-location">
    <arg>
      <complexcat>
        <atomcat type="pp">
          <fs id="26">
            <feat attr="index">
              <lf>
                <nomvar name="M0"/>
              </lf>
            </feat>
            <feat val="+" attr="modifiable"/>
            <feat val="m-location" attr="mod-type"/>
            <feat val="vp-left" attr="complexcat-type"/>
          </fs>
        </atomcat>
        <slash/>
        <dollar name="1"/>
      </complexcat>
    </arg>
    <result>
      <complexcat>
        <atomcat type="s">
          <fs id="10">
            <feat attr="index">
              <lf>
                <nomvar name="E0"/>
              </lf>
            </feat>
          </fs>
        </atomcat>
        <slash mode="&lt;" dir="\"/>
        <atomcat type="np">
          <fs id="1">
            <feat val="basic" attr="nform"/>
            <feat attr="num">
              <featvar name="NUM1:num-vals"/>
            </feat>
            <feat attr="pers">
              <featvar name="PERS1:pers-vals"/>
            </feat>
            <feat val="nom" attr="case"/>
            <feat attr="index">
              <lf>
                <nomvar name="X1"/>
              </lf>
            </feat>
          </fs>
        </atomcat>
        <slash/>
        <dollar name="1"/>
        <slash mode="^" dir="\"/>
        <complexcat>
          <atomcat type="s">
            <fs id="10">
              <feat attr="index">
                <lf>
                  <nomvar name="E0"/>
                </lf>
              </feat>
              <feat val="s-location" attr="mod-class"/>
            </fs>
          </atomcat>
          <slash mode="&lt;" dir="\"/>
          <atomcat type="np">
            <fs id="1">
              <feat val="basic" attr="nform"/>
              <feat attr="num">
                <featvar name="NUM1:num-vals"/>
              </feat>
              <feat attr="pers">
                <featvar name="PERS1:pers-vals"/>
              </feat>
              <feat val="nom" attr="case"/>
              <feat attr="index">
                <lf>
                  <nomvar name="X1"/>
                </lf>
              </feat>
            </fs>
          </atomcat>
        </complexcat>
        <lf>
          <satop nomvar="E0:event">
            <diamond mode="Location">
              <nomvar name="M0:modifier"/>
            </diamond>
          </satop>
        </lf>
      </complexcat>
    </result>
  </typechanging>
  <typechanging name="prep-s-left-location">
    <arg>
      <complexcat>
        <atomcat type="pp">
          <fs id="26">
            <feat attr="index">
              <lf>
                <nomvar name="M0"/>
              </lf>
            </feat>
            <feat val="+" attr="modifiable"/>
            <feat val="m-location" attr="mod-type"/>
            <feat val="s-left" attr="complexcat-type"/>
          </fs>
        </atomcat>
        <slash/>
        <dollar name="1"/>
      </complexcat>
    </arg>
    <result>
      <complexcat>
        <atomcat type="s">
          <fs id="10">
            <feat attr="index">
              <lf>
                <nomvar name="E0"/>
              </lf>
            </feat>
          </fs>
        </atomcat>
        <slash/>
        <dollar name="1"/>
        <slash mode="*" dir="\"/>
        <atomcat type="s">
          <fs id="10">
            <feat attr="index">
              <lf>
                <nomvar name="E0"/>
              </lf>
            </feat>
            <feat val="s-location" attr="mod-class"/>
          </fs>
        </atomcat>
        <lf>
          <satop nomvar="E0:event">
            <diamond mode="Location">
              <nomvar name="M0:modifier"/>
            </diamond>
          </satop>
        </lf>
      </complexcat>
    </result>
  </typechanging>
  <typechanging name="prep-s-right-location">
    <arg>
      <complexcat>
        <atomcat type="pp">
          <fs id="26">
            <feat attr="index">
              <lf>
                <nomvar name="M0"/>
              </lf>
            </feat>
            <feat val="+" attr="modifiable"/>
            <feat val="m-location" attr="mod-type"/>
            <feat val="s-right" attr="complexcat-type"/>
          </fs>
        </atomcat>
        <slash/>
        <dollar name="1"/>
      </complexcat>
    </arg>
    <result>
      <complexcat>
        <atomcat type="s">
          <fs id="10">
            <feat attr="index">
              <lf>
                <nomvar name="E0"/>
              </lf>
            </feat>
          </fs>
        </atomcat>
        <slash mode="^" dir="/"/>
        <atomcat type="s">
          <fs id="10">
            <feat attr="index">
              <lf>
                <nomvar name="E0"/>
              </lf>
            </feat>
            <feat val="s-location" attr="mod-class"/>
          </fs>
        </atomcat>
        <slash/>
        <dollar name="1"/>
        <lf>
          <satop nomvar="E0:event">
            <diamond mode="Location">
              <nomvar name="M0:modifier"/>
            </diamond>
          </satop>
        </lf>
      </complexcat>
    </result>
  </typechanging>
  <typechanging name="prep-s-dynamic">
    <arg>
      <complexcat>
        <atomcat type="pp">
          <fs id="26">
            <feat attr="index">
              <lf>
                <nomvar name="M0"/>
              </lf>
            </feat>
            <feat val="+" attr="modifiable"/>
            <feat val="m-dynamic" attr="mod-type"/>
            <feat val="s-left" attr="complexcat-type"/>
          </fs>
        </atomcat>
        <slash/>
        <dollar name="1"/>
      </complexcat>
    </arg>
    <result>
      <complexcat>
        <atomcat type="s">
          <fs id="10">
            <feat attr="index">
              <lf>
                <nomvar name="E0"/>
              </lf>
            </feat>
          </fs>
        </atomcat>
        <slash/>
        <dollar name="1"/>
        <slash mode="*" dir="\"/>
        <atomcat type="s">
          <fs id="10">
            <feat attr="index">
              <lf>
                <nomvar name="E0"/>
              </lf>
            </feat>
            <feat val="s-dynamic" attr="mod-class"/>
          </fs>
        </atomcat>
        <lf>
          <satop nomvar="E0:event">
            <diamond mode="Dynamic">
              <nomvar name="M0:modifier"/>
            </diamond>
          </satop>
        </lf>
      </complexcat>
    </result>
  </typechanging>
  <typechanging name="prep-vp-dynamic">
    <arg>
      <complexcat>
        <atomcat type="pp">
          <fs id="26">
            <feat attr="index">
              <lf>
                <nomvar name="M0"/>
              </lf>
            </feat>
            <feat val="+" attr="modifiable"/>
            <feat val="m-dynamic" attr="mod-type"/>
            <feat val="vp-left" attr="complexcat-type"/>
          </fs>
        </atomcat>
        <slash/>
        <dollar name="1"/>
      </complexcat>
    </arg>
    <result>
      <complexcat>
        <atomcat type="s">
          <fs id="10">
            <feat attr="index">
              <lf>
                <nomvar name="E0"/>
              </lf>
            </feat>
          </fs>
        </atomcat>
        <slash mode="&lt;" dir="\"/>
        <atomcat type="np">
          <fs id="1">
            <feat val="basic" attr="nform"/>
            <feat attr="num">
              <featvar name="NUM1:num-vals"/>
            </feat>
            <feat attr="pers">
              <featvar name="PERS1:pers-vals"/>
            </feat>
            <feat val="nom" attr="case"/>
            <feat attr="index">
              <lf>
                <nomvar name="X1"/>
              </lf>
            </feat>
          </fs>
        </atomcat>
        <slash/>
        <dollar name="1"/>
        <slash mode="^" dir="\"/>
        <complexcat>
          <atomcat type="s">
            <fs id="10">
              <feat attr="index">
                <lf>
                  <nomvar name="E0"/>
                </lf>
              </feat>
              <feat val="s-dynamic" attr="mod-class"/>
            </fs>
          </atomcat>
          <slash mode="&lt;" dir="\"/>
          <atomcat type="np">
            <fs id="1">
              <feat val="basic" attr="nform"/>
              <feat attr="num">
                <featvar name="NUM1:num-vals"/>
              </feat>
              <feat attr="pers">
                <featvar name="PERS1:pers-vals"/>
              </feat>
              <feat val="nom" attr="case"/>
              <feat attr="index">
                <lf>
                  <nomvar name="X1"/>
                </lf>
              </feat>
            </fs>
          </atomcat>
        </complexcat>
        <lf>
          <satop nomvar="E0:event">
            <diamond mode="Dynamic">
              <nomvar name="M0:modifier"/>
            </diamond>
          </satop>
        </lf>
      </complexcat>
    </result>
  </typechanging>
  <typechanging name="prep-n-comparison">
    <arg>
      <complexcat>
        <atomcat type="pp">
          <fs id="26">
            <feat attr="index">
              <lf>
                <nomvar name="M0"/>
              </lf>
            </feat>
            <feat val="+" attr="modifiable"/>
            <feat val="m-comparison" attr="mod-type"/>
            <feat val="n-left" attr="complexcat-type"/>
          </fs>
        </atomcat>
        <slash/>
        <dollar name="1"/>
      </complexcat>
    </arg>
    <result>
      <complexcat>
        <atomcat type="n">
          <fs inheritsFrom="15"/>
        </atomcat>
        <slash/>
        <dollar name="1"/>
        <slash mode="*" dir="\"/>
        <atomcat type="n">
          <fs id="15">
            <feat attr="num">
              <featvar name="NUM:num-vals"/>
            </feat>
            <feat attr="pers">
              <featvar name="PERS:pers-vals"/>
            </feat>
            <feat attr="index">
              <lf>
                <nomvar name="T"/>
              </lf>
            </feat>
            <feat val="basic" attr="nform"/>
          </fs>
        </atomcat>
        <lf>
          <satop nomvar="T:entity">
            <diamond mode="Modifier">
              <nomvar name="M0:modifier"/>
            </diamond>
          </satop>
        </lf>
      </complexcat>
    </result>
  </typechanging>
  <typechanging name="prep-np-comparison">
    <arg>
      <complexcat>
        <atomcat type="pp">
          <fs id="26">
            <feat attr="index">
              <lf>
                <nomvar name="M0"/>
              </lf>
            </feat>
            <feat val="+" attr="modifiable"/>
            <feat val="m-comparison" attr="mod-type"/>
            <feat val="n-left" attr="complexcat-type"/>
          </fs>
        </atomcat>
        <slash/>
        <dollar name="1"/>
      </complexcat>
    </arg>
    <result>
      <complexcat>
        <atomcat type="np">
          <fs inheritsFrom="15"/>
        </atomcat>
        <slash/>
        <dollar name="1"/>
        <slash mode="*" dir="\"/>
        <atomcat type="np">
          <fs id="15">
            <feat attr="num">
              <featvar name="NUM:num-vals"/>
            </feat>
            <feat attr="pers">
              <featvar name="PERS:pers-vals"/>
            </feat>
            <feat attr="case">
              <featvar name="CASE:case-vals"/>
            </feat>
            <feat attr="index">
              <lf>
                <nomvar name="T"/>
              </lf>
            </feat>
            <feat attr="nform">
              <featvar name="NFORM:nform"/>
            </feat>
            <feat val="+" attr="modifiable"/>
          </fs>
        </atomcat>
        <lf>
          <satop nomvar="T:entity">
            <diamond mode="Modifier">
              <nomvar name="M0:modifier"/>
            </diamond>
          </satop>
        </lf>
      </complexcat>
    </result>
  </typechanging>
  <typechanging name="prep-vp-comparison">
    <arg>
      <complexcat>
        <atomcat type="pp">
          <fs id="26">
            <feat attr="index">
              <lf>
                <nomvar name="M0"/>
              </lf>
            </feat>
            <feat val="+" attr="modifiable"/>
            <feat val="m-comparison" attr="mod-type"/>
            <feat val="vp-left" attr="complexcat-type"/>
          </fs>
        </atomcat>
        <slash/>
        <dollar name="1"/>
      </complexcat>
    </arg>
    <result>
      <complexcat>
        <atomcat type="s">
          <fs id="10">
            <feat attr="index">
              <lf>
                <nomvar name="E0"/>
              </lf>
            </feat>
          </fs>
        </atomcat>
        <slash mode="&lt;" dir="\"/>
        <atomcat type="np">
          <fs id="1">
            <feat val="basic" attr="nform"/>
            <feat attr="num">
              <featvar name="NUM1:num-vals"/>
            </feat>
            <feat attr="pers">
              <featvar name="PERS1:pers-vals"/>
            </feat>
            <feat val="nom" attr="case"/>
            <feat attr="index">
              <lf>
                <nomvar name="X1"/>
              </lf>
            </feat>
          </fs>
        </atomcat>
        <slash/>
        <dollar name="1"/>
        <slash mode="^" dir="\"/>
        <complexcat>
          <atomcat type="s">
            <fs id="10">
              <feat attr="index">
                <lf>
                  <nomvar name="E0"/>
                </lf>
              </feat>
              <feat val="s-comparison" attr="mod-class"/>
            </fs>
          </atomcat>
          <slash mode="&lt;" dir="\"/>
          <atomcat type="np">
            <fs id="1">
              <feat val="basic" attr="nform"/>
              <feat attr="num">
                <featvar name="NUM1:num-vals"/>
              </feat>
              <feat attr="pers">
                <featvar name="PERS1:pers-vals"/>
              </feat>
              <feat val="nom" attr="case"/>
              <feat attr="index">
                <lf>
                  <nomvar name="X1"/>
                </lf>
              </feat>
            </fs>
          </atomcat>
        </complexcat>
        <lf>
          <satop nomvar="E0:event">
            <diamond mode="Modifier">
              <nomvar name="M0:modifier"/>
            </diamond>
          </satop>
        </lf>
      </complexcat>
    </result>
  </typechanging>
  <typechanging name="prep-s-comparison">
    <arg>
      <complexcat>
        <atomcat type="pp">
          <fs id="26">
            <feat attr="index">
              <lf>
                <nomvar name="M0"/>
              </lf>
            </feat>
            <feat val="+" attr="modifiable"/>
            <feat val="m-comparison" attr="mod-type"/>
            <feat val="s-left" attr="complexcat-type"/>
          </fs>
        </atomcat>
        <slash/>
        <dollar name="1"/>
      </complexcat>
    </arg>
    <result>
      <complexcat>
        <atomcat type="s">
          <fs id="10">
            <feat attr="index">
              <lf>
                <nomvar name="E0"/>
              </lf>
            </feat>
          </fs>
        </atomcat>
        <slash/>
        <dollar name="1"/>
        <slash mode="*" dir="\"/>
        <atomcat type="s">
          <fs id="10">
            <feat attr="index">
              <lf>
                <nomvar name="E0"/>
              </lf>
            </feat>
            <feat val="s-comparison" attr="mod-class"/>
          </fs>
        </atomcat>
        <lf>
          <satop nomvar="E0:event">
            <diamond mode="Modifier">
              <nomvar name="M0:modifier"/>
            </diamond>
          </satop>
        </lf>
      </complexcat>
    </result>
  </typechanging>
  <typechanging name="adv-s-left-dynamic">
    <arg>
      <complexcat>
        <atomcat type="adv">
          <fs id="26">
            <feat attr="index">
              <lf>
                <nomvar name="M0"/>
              </lf>
            </feat>
            <feat val="+" attr="modifiable"/>
            <feat val="m-dynamic" attr="mod-type"/>
            <feat val="s-left" attr="complexcat-type"/>
          </fs>
        </atomcat>
        <slash/>
        <dollar name="1"/>
      </complexcat>
    </arg>
    <result>
      <complexcat>
        <atomcat type="s">
          <fs id="10">
            <feat attr="index">
              <lf>
                <nomvar name="E0"/>
              </lf>
            </feat>
          </fs>
        </atomcat>
        <slash/>
        <dollar name="1"/>
        <slash mode="*" dir="\"/>
        <atomcat type="s">
          <fs id="10">
            <feat attr="index">
              <lf>
                <nomvar name="E0"/>
              </lf>
            </feat>
            <feat val="s-dynamic" attr="mod-class"/>
          </fs>
        </atomcat>
        <lf>
          <satop nomvar="E0:event">
            <diamond mode="Dynamic">
              <nomvar name="M0:modifier"/>
            </diamond>
          </satop>
        </lf>
      </complexcat>
    </result>
  </typechanging>
  <typechanging name="adv-s-right-dynamic">
    <arg>
      <complexcat>
        <atomcat type="adv">
          <fs id="26">
            <feat attr="index">
              <lf>
                <nomvar name="M0"/>
              </lf>
            </feat>
            <feat val="+" attr="modifiable"/>
            <feat val="m-dynamic" attr="mod-type"/>
            <feat val="s-right" attr="complexcat-type"/>
          </fs>
        </atomcat>
        <slash/>
        <dollar name="1"/>
      </complexcat>
    </arg>
    <result>
      <complexcat>
        <atomcat type="s">
          <fs id="10">
            <feat attr="index">
              <lf>
                <nomvar name="E0"/>
              </lf>
            </feat>
          </fs>
        </atomcat>
        <slash mode="^" dir="/"/>
        <atomcat type="s">
          <fs id="10">
            <feat attr="index">
              <lf>
                <nomvar name="E0"/>
              </lf>
            </feat>
            <feat val="s-dynamic" attr="mod-class"/>
          </fs>
        </atomcat>
        <slash/>
        <dollar name="1"/>
        <lf>
          <satop nomvar="E0:event">
            <diamond mode="Dynamic">
              <nomvar name="M0:modifier"/>
            </diamond>
          </satop>
        </lf>
      </complexcat>
    </result>
  </typechanging>
  <typechanging name="adv-vp-right-dynamic">
    <arg>
      <complexcat>
        <atomcat type="adv">
          <fs id="26">
            <feat attr="index">
              <lf>
                <nomvar name="M0"/>
              </lf>
            </feat>
            <feat val="+" attr="modifiable"/>
            <feat val="m-dynamic" attr="mod-type"/>
            <feat val="vp-right" attr="complexcat-type"/>
          </fs>
        </atomcat>
        <slash/>
        <dollar name="1"/>
      </complexcat>
    </arg>
    <result>
      <complexcat>
        <atomcat type="s">
          <fs id="10">
            <feat attr="index">
              <lf>
                <nomvar name="E0"/>
              </lf>
            </feat>
          </fs>
        </atomcat>
        <slash mode="&lt;" dir="\"/>
        <atomcat type="np">
          <fs id="1">
            <feat val="basic" attr="nform"/>
            <feat attr="num">
              <featvar name="NUM1:num-vals"/>
            </feat>
            <feat attr="pers">
              <featvar name="PERS1:pers-vals"/>
            </feat>
            <feat val="nom" attr="case"/>
            <feat attr="index">
              <lf>
                <nomvar name="X1"/>
              </lf>
            </feat>
          </fs>
        </atomcat>
        <slash mode="^" dir="/"/>
        <complexcat>
          <atomcat type="s">
            <fs id="10">
              <feat attr="index">
                <lf>
                  <nomvar name="E0"/>
                </lf>
              </feat>
              <feat val="s-dynamic" attr="mod-class"/>
            </fs>
          </atomcat>
          <slash mode="&lt;" dir="\"/>
          <atomcat type="np">
            <fs id="1">
              <feat val="basic" attr="nform"/>
              <feat attr="num">
                <featvar name="NUM1:num-vals"/>
              </feat>
              <feat attr="pers">
                <featvar name="PERS1:pers-vals"/>
              </feat>
              <feat val="nom" attr="case"/>
              <feat attr="index">
                <lf>
                  <nomvar name="X1"/>
                </lf>
              </feat>
            </fs>
          </atomcat>
        </complexcat>
        <slash/>
        <dollar name="1"/>
        <lf>
          <satop nomvar="E0:event">
            <diamond mode="Dynamic">
              <nomvar name="M0:modifier"/>
            </diamond>
          </satop>
        </lf>
      </complexcat>
    </result>
  </typechanging>
  <typechanging name="adv-s-loose-left-dynamic">
    <arg>
      <complexcat>
        <atomcat type="adv">
          <fs id="26">
            <feat attr="index">
              <lf>
                <nomvar name="M0"/>
              </lf>
            </feat>
            <feat val="+" attr="modifiable"/>
            <feat val="m-dynamic" attr="mod-type"/>
            <feat val="s-loose-left" attr="complexcat-type"/>
          </fs>
        </atomcat>
        <slash/>
        <dollar name="1"/>
      </complexcat>
    </arg>
    <result>
      <complexcat>
        <atomcat type="s">
          <fs id="10">
            <feat attr="index">
              <lf>
                <nomvar name="E0"/>
              </lf>
            </feat>
          </fs>
        </atomcat>
        <slash/>
        <dollar name="1"/>
        <slash mode="&lt;" dir="\"/>
        <atomcat type="s">
          <fs id="10">
            <feat attr="index">
              <lf>
                <nomvar name="E0"/>
              </lf>
            </feat>
            <feat val="s-dynamic" attr="mod-class"/>
          </fs>
        </atomcat>
        <lf>
          <satop nomvar="E0:event">
            <diamond mode="Dynamic">
              <nomvar name="M0:modifier"/>
            </diamond>
          </satop>
        </lf>
      </complexcat>
    </result>
  </typechanging>
  <typechanging name="adv-s-left-manner">
    <arg>
      <complexcat>
        <atomcat type="adv">
          <fs id="26">
            <feat attr="index">
              <lf>
                <nomvar name="M0"/>
              </lf>
            </feat>
            <feat val="+" attr="modifiable"/>
            <feat val="m-manner" attr="mod-type"/>
            <feat val="s-left" attr="complexcat-type"/>
          </fs>
        </atomcat>
        <slash/>
        <dollar name="1"/>
      </complexcat>
    </arg>
    <result>
      <complexcat>
        <atomcat type="s">
          <fs id="10">
            <feat attr="index">
              <lf>
                <nomvar name="E0"/>
              </lf>
            </feat>
          </fs>
        </atomcat>
        <slash/>
        <dollar name="1"/>
        <slash mode="*" dir="\"/>
        <atomcat type="s">
          <fs id="10">
            <feat attr="index">
              <lf>
                <nomvar name="E0"/>
              </lf>
            </feat>
            <feat val="s-manner" attr="mod-class"/>
          </fs>
        </atomcat>
        <lf>
          <satop nomvar="E0:event">
            <diamond mode="Modifier">
              <nomvar name="M0:modifier"/>
            </diamond>
          </satop>
        </lf>
      </complexcat>
    </result>
  </typechanging>
  <typechanging name="adv-s-right-manner">
    <arg>
      <complexcat>
        <atomcat type="adv">
          <fs id="26">
            <feat attr="index">
              <lf>
                <nomvar name="M0"/>
              </lf>
            </feat>
            <feat val="+" attr="modifiable"/>
            <feat val="m-manner" attr="mod-type"/>
            <feat val="s-right" attr="complexcat-type"/>
          </fs>
        </atomcat>
        <slash/>
        <dollar name="1"/>
      </complexcat>
    </arg>
    <result>
      <complexcat>
        <atomcat type="s">
          <fs id="10">
            <feat attr="index">
              <lf>
                <nomvar name="E0"/>
              </lf>
            </feat>
          </fs>
        </atomcat>
        <slash mode="^" dir="/"/>
        <atomcat type="s">
          <fs id="10">
            <feat attr="index">
              <lf>
                <nomvar name="E0"/>
              </lf>
            </feat>
            <feat val="s-manner" attr="mod-class"/>
          </fs>
        </atomcat>
        <slash/>
        <dollar name="1"/>
        <lf>
          <satop nomvar="E0:event">
            <diamond mode="Modifier">
              <nomvar name="M0:modifier"/>
            </diamond>
          </satop>
        </lf>
      </complexcat>
    </result>
  </typechanging>
  <typechanging name="adv-vp-right-manner">
    <arg>
      <complexcat>
        <atomcat type="adv">
          <fs id="26">
            <feat attr="index">
              <lf>
                <nomvar name="M0"/>
              </lf>
            </feat>
            <feat val="+" attr="modifiable"/>
            <feat val="m-manner" attr="mod-type"/>
            <feat val="vp-right" attr="complexcat-type"/>
          </fs>
        </atomcat>
        <slash/>
        <dollar name="1"/>
      </complexcat>
    </arg>
    <result>
      <complexcat>
        <atomcat type="s">
          <fs id="10">
            <feat attr="index">
              <lf>
                <nomvar name="E0"/>
              </lf>
            </feat>
          </fs>
        </atomcat>
        <slash mode="&lt;" dir="\"/>
        <atomcat type="np">
          <fs id="1">
            <feat val="basic" attr="nform"/>
            <feat attr="num">
              <featvar name="NUM1:num-vals"/>
            </feat>
            <feat attr="pers">
              <featvar name="PERS1:pers-vals"/>
            </feat>
            <feat val="nom" attr="case"/>
            <feat attr="index">
              <lf>
                <nomvar name="X1"/>
              </lf>
            </feat>
          </fs>
        </atomcat>
        <slash mode="^" dir="/"/>
        <complexcat>
          <atomcat type="s">
            <fs id="10">
              <feat attr="index">
                <lf>
                  <nomvar name="E0"/>
                </lf>
              </feat>
              <feat val="s-manner" attr="mod-class"/>
            </fs>
          </atomcat>
          <slash mode="&lt;" dir="\"/>
          <atomcat type="np">
            <fs id="1">
              <feat val="basic" attr="nform"/>
              <feat attr="num">
                <featvar name="NUM1:num-vals"/>
              </feat>
              <feat attr="pers">
                <featvar name="PERS1:pers-vals"/>
              </feat>
              <feat val="nom" attr="case"/>
              <feat attr="index">
                <lf>
                  <nomvar name="X1"/>
                </lf>
              </feat>
            </fs>
          </atomcat>
        </complexcat>
        <slash/>
        <dollar name="1"/>
        <lf>
          <satop nomvar="E0:event">
            <diamond mode="Modifier">
              <nomvar name="M0:modifier"/>
            </diamond>
          </satop>
        </lf>
      </complexcat>
    </result>
  </typechanging>
  <typechanging name="adv-s-loose-left-manner">
    <arg>
      <complexcat>
        <atomcat type="adv">
          <fs id="26">
            <feat attr="index">
              <lf>
                <nomvar name="M0"/>
              </lf>
            </feat>
            <feat val="+" attr="modifiable"/>
            <feat val="m-manner" attr="mod-type"/>
            <feat val="s-loose-left" attr="complexcat-type"/>
          </fs>
        </atomcat>
        <slash/>
        <dollar name="1"/>
      </complexcat>
    </arg>
    <result>
      <complexcat>
        <atomcat type="s">
          <fs id="10">
            <feat attr="index">
              <lf>
                <nomvar name="E0"/>
              </lf>
            </feat>
          </fs>
        </atomcat>
        <slash/>
        <dollar name="1"/>
        <slash mode="&lt;" dir="\"/>
        <atomcat type="s">
          <fs id="10">
            <feat attr="index">
              <lf>
                <nomvar name="E0"/>
              </lf>
            </feat>
            <feat val="s-manner" attr="mod-class"/>
          </fs>
        </atomcat>
        <lf>
          <satop nomvar="E0:event">
            <diamond mode="Modifier">
              <nomvar name="M0:modifier"/>
            </diamond>
          </satop>
        </lf>
      </complexcat>
    </result>
  </typechanging>
  <typechanging name="adv-s-left-comment">
    <arg>
      <complexcat>
        <atomcat type="adv">
          <fs id="26">
            <feat attr="index">
              <lf>
                <nomvar name="M0"/>
              </lf>
            </feat>
            <feat val="+" attr="modifiable"/>
            <feat val="m-comment" attr="mod-type"/>
            <feat val="s-left" attr="complexcat-type"/>
          </fs>
        </atomcat>
        <slash/>
        <dollar name="1"/>
      </complexcat>
    </arg>
    <result>
      <complexcat>
        <atomcat type="s">
          <fs id="10">
            <feat attr="index">
              <lf>
                <nomvar name="E0"/>
              </lf>
            </feat>
          </fs>
        </atomcat>
        <slash/>
        <dollar name="1"/>
        <slash mode="*" dir="\"/>
        <atomcat type="s">
          <fs id="10">
            <feat attr="index">
              <lf>
                <nomvar name="E0"/>
              </lf>
            </feat>
            <feat val="s-comment" attr="mod-class"/>
          </fs>
        </atomcat>
        <lf>
          <satop nomvar="E0:event">
            <diamond mode="Modifier">
              <nomvar name="M0:modifier"/>
            </diamond>
          </satop>
        </lf>
      </complexcat>
    </result>
  </typechanging>
  <typechanging name="adv-s-right-comment">
    <arg>
      <complexcat>
        <atomcat type="adv">
          <fs id="26">
            <feat attr="index">
              <lf>
                <nomvar name="M0"/>
              </lf>
            </feat>
            <feat val="+" attr="modifiable"/>
            <feat val="m-comment" attr="mod-type"/>
            <feat val="s-right" attr="complexcat-type"/>
          </fs>
        </atomcat>
        <slash/>
        <dollar name="1"/>
      </complexcat>
    </arg>
    <result>
      <complexcat>
        <atomcat type="s">
          <fs id="10">
            <feat attr="index">
              <lf>
                <nomvar name="E0"/>
              </lf>
            </feat>
          </fs>
        </atomcat>
        <slash mode="^" dir="/"/>
        <atomcat type="s">
          <fs id="10">
            <feat attr="index">
              <lf>
                <nomvar name="E0"/>
              </lf>
            </feat>
            <feat val="s-comment" attr="mod-class"/>
          </fs>
        </atomcat>
        <slash/>
        <dollar name="1"/>
        <lf>
          <satop nomvar="E0:event">
            <diamond mode="Modifier">
              <nomvar name="M0:modifier"/>
            </diamond>
          </satop>
        </lf>
      </complexcat>
    </result>
  </typechanging>
  <typechanging name="adv-vp-right-comment">
    <arg>
      <complexcat>
        <atomcat type="adv">
          <fs id="26">
            <feat attr="index">
              <lf>
                <nomvar name="M0"/>
              </lf>
            </feat>
            <feat val="+" attr="modifiable"/>
            <feat val="m-comment" attr="mod-type"/>
            <feat val="vp-right" attr="complexcat-type"/>
          </fs>
        </atomcat>
        <slash/>
        <dollar name="1"/>
      </complexcat>
    </arg>
    <result>
      <complexcat>
        <atomcat type="s">
          <fs id="10">
            <feat attr="index">
              <lf>
                <nomvar name="E0"/>
              </lf>
            </feat>
          </fs>
        </atomcat>
        <slash mode="&lt;" dir="\"/>
        <atomcat type="np">
          <fs id="1">
            <feat val="basic" attr="nform"/>
            <feat attr="num">
              <featvar name="NUM1:num-vals"/>
            </feat>
            <feat attr="pers">
              <featvar name="PERS1:pers-vals"/>
            </feat>
            <feat val="nom" attr="case"/>
            <feat attr="index">
              <lf>
                <nomvar name="X1"/>
              </lf>
            </feat>
          </fs>
        </atomcat>
        <slash mode="^" dir="/"/>
        <complexcat>
          <atomcat type="s">
            <fs id="10">
              <feat attr="index">
                <lf>
                  <nomvar name="E0"/>
                </lf>
              </feat>
              <feat val="s-comment" attr="mod-class"/>
            </fs>
          </atomcat>
          <slash mode="&lt;" dir="\"/>
          <atomcat type="np">
            <fs id="1">
              <feat val="basic" attr="nform"/>
              <feat attr="num">
                <featvar name="NUM1:num-vals"/>
              </feat>
              <feat attr="pers">
                <featvar name="PERS1:pers-vals"/>
              </feat>
              <feat val="nom" attr="case"/>
              <feat attr="index">
                <lf>
                  <nomvar name="X1"/>
                </lf>
              </feat>
            </fs>
          </atomcat>
        </complexcat>
        <slash/>
        <dollar name="1"/>
        <lf>
          <satop nomvar="E0:event">
            <diamond mode="Modifier">
              <nomvar name="M0:modifier"/>
            </diamond>
          </satop>
        </lf>
      </complexcat>
    </result>
  </typechanging>
  <typechanging name="adv-s-loose-left-comment">
    <arg>
      <complexcat>
        <atomcat type="adv">
          <fs id="26">
            <feat attr="index">
              <lf>
                <nomvar name="M0"/>
              </lf>
            </feat>
            <feat val="+" attr="modifiable"/>
            <feat val="m-comment" attr="mod-type"/>
            <feat val="s-loose-left" attr="complexcat-type"/>
          </fs>
        </atomcat>
        <slash/>
        <dollar name="1"/>
      </complexcat>
    </arg>
    <result>
      <complexcat>
        <atomcat type="s">
          <fs id="10">
            <feat attr="index">
              <lf>
                <nomvar name="E0"/>
              </lf>
            </feat>
          </fs>
        </atomcat>
        <slash/>
        <dollar name="1"/>
        <slash mode="&lt;" dir="\"/>
        <atomcat type="s">
          <fs id="10">
            <feat attr="index">
              <lf>
                <nomvar name="E0"/>
              </lf>
            </feat>
            <feat val="s-comment" attr="mod-class"/>
          </fs>
        </atomcat>
        <lf>
          <satop nomvar="E0:event">
            <diamond mode="Modifier">
              <nomvar name="M0:modifier"/>
            </diamond>
          </satop>
        </lf>
      </complexcat>
    </result>
  </typechanging>
  <typechanging name="adv-s-left-probability">
    <arg>
      <complexcat>
        <atomcat type="adv">
          <fs id="26">
            <feat attr="index">
              <lf>
                <nomvar name="M0"/>
              </lf>
            </feat>
            <feat val="+" attr="modifiable"/>
            <feat val="m-probability" attr="mod-type"/>
            <feat val="s-left" attr="complexcat-type"/>
          </fs>
        </atomcat>
        <slash/>
        <dollar name="1"/>
      </complexcat>
    </arg>
    <result>
      <complexcat>
        <atomcat type="s">
          <fs id="10">
            <feat attr="index">
              <lf>
                <nomvar name="E0"/>
              </lf>
            </feat>
          </fs>
        </atomcat>
        <slash/>
        <dollar name="1"/>
        <slash mode="*" dir="\"/>
        <atomcat type="s">
          <fs id="10">
            <feat attr="index">
              <lf>
                <nomvar name="E0"/>
              </lf>
            </feat>
            <feat val="s-probability" attr="mod-class"/>
          </fs>
        </atomcat>
        <lf>
          <satop nomvar="E0:event">
            <diamond mode="Modifier">
              <nomvar name="M0:modifier"/>
            </diamond>
          </satop>
        </lf>
      </complexcat>
    </result>
  </typechanging>
  <typechanging name="adv-s-right-probability">
    <arg>
      <complexcat>
        <atomcat type="adv">
          <fs id="26">
            <feat attr="index">
              <lf>
                <nomvar name="M0"/>
              </lf>
            </feat>
            <feat val="+" attr="modifiable"/>
            <feat val="m-probability" attr="mod-type"/>
            <feat val="s-right" attr="complexcat-type"/>
          </fs>
        </atomcat>
        <slash/>
        <dollar name="1"/>
      </complexcat>
    </arg>
    <result>
      <complexcat>
        <atomcat type="s">
          <fs id="10">
            <feat attr="index">
              <lf>
                <nomvar name="E0"/>
              </lf>
            </feat>
          </fs>
        </atomcat>
        <slash mode="^" dir="/"/>
        <atomcat type="s">
          <fs id="10">
            <feat attr="index">
              <lf>
                <nomvar name="E0"/>
              </lf>
            </feat>
            <feat val="s-probability" attr="mod-class"/>
          </fs>
        </atomcat>
        <slash/>
        <dollar name="1"/>
        <lf>
          <satop nomvar="E0:event">
            <diamond mode="Modifier">
              <nomvar name="M0:modifier"/>
            </diamond>
          </satop>
        </lf>
      </complexcat>
    </result>
  </typechanging>
  <typechanging name="adv-vp-right-probability">
    <arg>
      <complexcat>
        <atomcat type="adv">
          <fs id="26">
            <feat attr="index">
              <lf>
                <nomvar name="M0"/>
              </lf>
            </feat>
            <feat val="+" attr="modifiable"/>
            <feat val="m-probability" attr="mod-type"/>
            <feat val="vp-right" attr="complexcat-type"/>
          </fs>
        </atomcat>
        <slash/>
        <dollar name="1"/>
      </complexcat>
    </arg>
    <result>
      <complexcat>
        <atomcat type="s">
          <fs id="10">
            <feat attr="index">
              <lf>
                <nomvar name="E0"/>
              </lf>
            </feat>
          </fs>
        </atomcat>
        <slash mode="&lt;" dir="\"/>
        <atomcat type="np">
          <fs id="1">
            <feat val="basic" attr="nform"/>
            <feat attr="num">
              <featvar name="NUM1:num-vals"/>
            </feat>
            <feat attr="pers">
              <featvar name="PERS1:pers-vals"/>
            </feat>
            <feat val="nom" attr="case"/>
            <feat attr="index">
              <lf>
                <nomvar name="X1"/>
              </lf>
            </feat>
          </fs>
        </atomcat>
        <slash mode="^" dir="/"/>
        <complexcat>
          <atomcat type="s">
            <fs id="10">
              <feat attr="index">
                <lf>
                  <nomvar name="E0"/>
                </lf>
              </feat>
              <feat val="s-probability" attr="mod-class"/>
            </fs>
          </atomcat>
          <slash mode="&lt;" dir="\"/>
          <atomcat type="np">
            <fs id="1">
              <feat val="basic" attr="nform"/>
              <feat attr="num">
                <featvar name="NUM1:num-vals"/>
              </feat>
              <feat attr="pers">
                <featvar name="PERS1:pers-vals"/>
              </feat>
              <feat val="nom" attr="case"/>
              <feat attr="index">
                <lf>
                  <nomvar name="X1"/>
                </lf>
              </feat>
            </fs>
          </atomcat>
        </complexcat>
        <slash/>
        <dollar name="1"/>
        <lf>
          <satop nomvar="E0:event">
            <diamond mode="Modifier">
              <nomvar name="M0:modifier"/>
            </diamond>
          </satop>
        </lf>
      </complexcat>
    </result>
  </typechanging>
  <typechanging name="adv-s-loose-left-probability">
    <arg>
      <complexcat>
        <atomcat type="adv">
          <fs id="26">
            <feat attr="index">
              <lf>
                <nomvar name="M0"/>
              </lf>
            </feat>
            <feat val="+" attr="modifiable"/>
            <feat val="m-probability" attr="mod-type"/>
            <feat val="s-loose-left" attr="complexcat-type"/>
          </fs>
        </atomcat>
        <slash/>
        <dollar name="1"/>
      </complexcat>
    </arg>
    <result>
      <complexcat>
        <atomcat type="s">
          <fs id="10">
            <feat attr="index">
              <lf>
                <nomvar name="E0"/>
              </lf>
            </feat>
          </fs>
        </atomcat>
        <slash/>
        <dollar name="1"/>
        <slash mode="&lt;" dir="\"/>
        <atomcat type="s">
          <fs id="10">
            <feat attr="index">
              <lf>
                <nomvar name="E0"/>
              </lf>
            </feat>
            <feat val="s-probability" attr="mod-class"/>
          </fs>
        </atomcat>
        <lf>
          <satop nomvar="E0:event">
            <diamond mode="Modifier">
              <nomvar name="M0:modifier"/>
            </diamond>
          </satop>
        </lf>
      </complexcat>
    </result>
  </typechanging>
  <typechanging name="adv-s-left-time">
    <arg>
      <complexcat>
        <atomcat type="adv">
          <fs id="26">
            <feat attr="index">
              <lf>
                <nomvar name="M0"/>
              </lf>
            </feat>
            <feat val="+" attr="modifiable"/>
            <feat val="m-time" attr="mod-type"/>
            <feat val="s-left" attr="complexcat-type"/>
          </fs>
        </atomcat>
        <slash/>
        <dollar name="1"/>
      </complexcat>
    </arg>
    <result>
      <complexcat>
        <atomcat type="s">
          <fs id="10">
            <feat attr="index">
              <lf>
                <nomvar name="E0"/>
              </lf>
            </feat>
          </fs>
        </atomcat>
        <slash/>
        <dollar name="1"/>
        <slash mode="*" dir="\"/>
        <atomcat type="s">
          <fs id="10">
            <feat attr="index">
              <lf>
                <nomvar name="E0"/>
              </lf>
            </feat>
            <feat val="s-time" attr="mod-class"/>
          </fs>
        </atomcat>
        <lf>
          <satop nomvar="E0:event">
            <diamond mode="Time">
              <nomvar name="M0:modifier"/>
            </diamond>
          </satop>
        </lf>
      </complexcat>
    </result>
  </typechanging>
  <typechanging name="adv-s-right-time">
    <arg>
      <complexcat>
        <atomcat type="adv">
          <fs id="26">
            <feat attr="index">
              <lf>
                <nomvar name="M0"/>
              </lf>
            </feat>
            <feat val="+" attr="modifiable"/>
            <feat val="m-time" attr="mod-type"/>
            <feat val="s-right" attr="complexcat-type"/>
          </fs>
        </atomcat>
        <slash/>
        <dollar name="1"/>
      </complexcat>
    </arg>
    <result>
      <complexcat>
        <atomcat type="s">
          <fs id="10">
            <feat attr="index">
              <lf>
                <nomvar name="E0"/>
              </lf>
            </feat>
          </fs>
        </atomcat>
        <slash mode="^" dir="/"/>
        <atomcat type="s">
          <fs id="10">
            <feat attr="index">
              <lf>
                <nomvar name="E0"/>
              </lf>
            </feat>
            <feat val="s-time" attr="mod-class"/>
          </fs>
        </atomcat>
        <slash/>
        <dollar name="1"/>
        <lf>
          <satop nomvar="E0:event">
            <diamond mode="Time">
              <nomvar name="M0:modifier"/>
            </diamond>
          </satop>
        </lf>
      </complexcat>
    </result>
  </typechanging>
  <typechanging name="adv-vp-right-time">
    <arg>
      <complexcat>
        <atomcat type="adv">
          <fs id="26">
            <feat attr="index">
              <lf>
                <nomvar name="M0"/>
              </lf>
            </feat>
            <feat val="+" attr="modifiable"/>
            <feat val="m-time" attr="mod-type"/>
            <feat val="vp-right" attr="complexcat-type"/>
          </fs>
        </atomcat>
        <slash/>
        <dollar name="1"/>
      </complexcat>
    </arg>
    <result>
      <complexcat>
        <atomcat type="s">
          <fs id="10">
            <feat attr="index">
              <lf>
                <nomvar name="E0"/>
              </lf>
            </feat>
          </fs>
        </atomcat>
        <slash mode="&lt;" dir="\"/>
        <atomcat type="np">
          <fs id="1">
            <feat val="basic" attr="nform"/>
            <feat attr="num">
              <featvar name="NUM1:num-vals"/>
            </feat>
            <feat attr="pers">
              <featvar name="PERS1:pers-vals"/>
            </feat>
            <feat val="nom" attr="case"/>
            <feat attr="index">
              <lf>
                <nomvar name="X1"/>
              </lf>
            </feat>
          </fs>
        </atomcat>
        <slash mode="^" dir="/"/>
        <complexcat>
          <atomcat type="s">
            <fs id="10">
              <feat attr="index">
                <lf>
                  <nomvar name="E0"/>
                </lf>
              </feat>
              <feat val="s-time" attr="mod-class"/>
            </fs>
          </atomcat>
          <slash mode="&lt;" dir="\"/>
          <atomcat type="np">
            <fs id="1">
              <feat val="basic" attr="nform"/>
              <feat attr="num">
                <featvar name="NUM1:num-vals"/>
              </feat>
              <feat attr="pers">
                <featvar name="PERS1:pers-vals"/>
              </feat>
              <feat val="nom" attr="case"/>
              <feat attr="index">
                <lf>
                  <nomvar name="X1"/>
                </lf>
              </feat>
            </fs>
          </atomcat>
        </complexcat>
        <slash/>
        <dollar name="1"/>
        <lf>
          <satop nomvar="E0:event">
            <diamond mode="Time">
              <nomvar name="M0:modifier"/>
            </diamond>
          </satop>
        </lf>
      </complexcat>
    </result>
  </typechanging>
  <typechanging name="adv-s-loose-left-time">
    <arg>
      <complexcat>
        <atomcat type="adv">
          <fs id="26">
            <feat attr="index">
              <lf>
                <nomvar name="M0"/>
              </lf>
            </feat>
            <feat val="+" attr="modifiable"/>
            <feat val="m-time" attr="mod-type"/>
            <feat val="s-loose-left" attr="complexcat-type"/>
          </fs>
        </atomcat>
        <slash/>
        <dollar name="1"/>
      </complexcat>
    </arg>
    <result>
      <complexcat>
        <atomcat type="s">
          <fs id="10">
            <feat attr="index">
              <lf>
                <nomvar name="E0"/>
              </lf>
            </feat>
          </fs>
        </atomcat>
        <slash/>
        <dollar name="1"/>
        <slash mode="&lt;" dir="\"/>
        <atomcat type="s">
          <fs id="10">
            <feat attr="index">
              <lf>
                <nomvar name="E0"/>
              </lf>
            </feat>
            <feat val="s-time" attr="mod-class"/>
          </fs>
        </atomcat>
        <lf>
          <satop nomvar="E0:event">
            <diamond mode="Time">
              <nomvar name="M0:modifier"/>
            </diamond>
          </satop>
        </lf>
      </complexcat>
    </result>
  </typechanging>
  <typechanging name="adj">
    <arg>
      <complexcat>
        <atomcat type="adj">
          <fs id="26">
            <feat attr="index">
              <lf>
                <nomvar name="M0"/>
              </lf>
            </feat>
            <feat val="+" attr="modifiable"/>
            <feat val="s-dynamic" attr="mod-type"/>
            <feat val="s-left" attr="complexcat-type"/>
          </fs>
        </atomcat>
        <slash/>
        <dollar name="1"/>
      </complexcat>
    </arg>
    <result>
      <complexcat>
        <atomcat type="n">
          <fs inheritsFrom="15"/>
        </atomcat>
        <slash mode="^" dir="/"/>
        <atomcat type="n">
          <fs id="15">
            <feat attr="num">
              <featvar name="NUM:num-vals"/>
            </feat>
            <feat attr="pers">
              <featvar name="PERS:pers-vals"/>
            </feat>
            <feat attr="index">
              <lf>
                <nomvar name="T"/>
              </lf>
            </feat>
            <feat val="basic" attr="nform"/>
          </fs>
        </atomcat>
        <slash/>
        <dollar name="1"/>
        <lf>
          <satop nomvar="T:entity">
            <diamond mode="Property">
              <nomvar name="M0:quality"/>
            </diamond>
          </satop>
        </lf>
      </complexcat>
    </result>
  </typechanging>
</rules>
