<?xml version="1.0"?>
<!-- 
Copyright (C) 2007 Geert-Jan M. Kruijff (DFKI)
version 070924
-->

<regression>

<!-- copular and other issues -->
<item numOfParses="1" string="the color of the ball is blue"/>
<item numOfParses="1" string="I also am blue"/>
<item numOfParses="1" string="I am too blue"/>
<item numOfParses="1" string="I am blue too"/>

<!--nifty features-->
<item numOfParses="1" string="put the ball there"/>
<item numOfParses="1" string="put the ball over there"/>
<item numOfParses="1" string="take the ball up to the table"/>
<item numOfParses="1" string="take that ball there over to GJ"/>

<!-- subordinates -->

<item numOfParses="1" string="because I am big I can kick the ball"/>
<item numOfParses="1" string="I will pick up the ball after you come here"/>
<item numOfParses="1" string="I kicked the ball around until you walked away"/>

<!--Scene MP#1 (4)-->

 <item numOfParses="1" string="the white mug is to the left of the red mug"/>
 <item numOfParses="1" string="the red mug is to the left of the white mug"/>
 <item numOfParses="1" string="this is a white mug"/>
 <item numOfParses="1" string="the white mug is in front of you"/>

<!--Scene MP#2 (7 / 11)-->

 <item numOfParses="1" string="this is a blue ball"/> 
 <item numOfParses="1" string="the blue ball is near you"/> 
 <item numOfParses="1" string="near you is the blue ball"/>
 <item numOfParses="1" string="the red ball is to the left of the blue ball"/>
 <item numOfParses="1" string="to the left of the blue ball is a red ball"/>
 <item numOfParses="1" string="the red ball is near me"/>
 <item numOfParses="1" string="the blue ball is nearer than the red ball"/>

<!--scene MP#3 (6 / 17)-->

 <item numOfParses="1" string="this is a mug"/>
 <item numOfParses="1" string="this is a ball"/>
 <item numOfParses="1" string="the ball is blue"/>
 <item numOfParses="1" string="the mug is red"/>
 <item numOfParses="1" string="the mug 's color is red"/>
 <item numOfParses="1" string="the mug is to the left of a blue thing"/>

<!--scene MP#4 (24 / 41)-->

 <item numOfParses="1" string="the blue ball is in front of the red mug"/>
 <item numOfParses="1" string="in front of the red thing is a blue thing"/>
 <item numOfParses="1" string="to the left of the white thing is a blue thing which is in front of the red thing"/>
 <item numOfParses="1" string="the blue ball is to the left of the white mug"/>
 <item numOfParses="1" string="the white mug is right of a blue thing"/>
 <item numOfParses="1" string="the red things are near me"/>
 <item numOfParses="1" string="the red ball is here"/>
 <item numOfParses="1" string="here is a white mug"/>
 <item numOfParses="1" string="put the white mug to the right of the red mug"/>
 <item numOfParses="1" string="put the white mug right of the blue ball to the right of the red ball"/>
 <item numOfParses="1" string="put the white mug between the red mug and the red ball"/>
 <item numOfParses="1" string="move the blue ball"/>
 <item numOfParses="1" string="move the blue ball behind the white mug"/>
 <item numOfParses="1" string="pick up the blue ball"/>
 <item numOfParses="1" string="take the white thing"/>
 <item numOfParses="1" string="take the white thing and put it to the right of the blue ball"/>
 <item numOfParses="1" string="take the red thing and put it behind the red mug"/>
 <item numOfParses="1" string="take the red thing and put it behind the other red thing"/>
 <item numOfParses="1" string="find the blue object"/>
 <item numOfParses="1" string="I want you to take the blue ball"/>
 <item numOfParses="1" string="I would like you to put the blue ball into the red mug"/>
 <item numOfParses="1" string="could you put the blue ball into the red mug"/>
 <item numOfParses="1" string="I suppose you could move the ball between the mug and the other ball"/>
 <item numOfParses="1" string="look at the blue thing"/>

<!--scene CP#1 (5 / 46)-->

 <item numOfParses="1" string="look at the longer thing"/>
 <item numOfParses="1" string="the left mug is long"/>
 <item numOfParses="1" string="the mug on your right is short"/>
 <item numOfParses="1" string="put the longer mug to the right of the shorter mug "/>
 <item numOfParses="1" string="move the bigger mug toward the other mug"/>

<!--scene CP#2 (4 / 50)-->

 <item numOfParses="1" string="move the smallest mug to the right of the biggest one"/>
 <item numOfParses="1" string="put the smallest mug to the right of the bigger one"/>
 <item numOfParses="1" string="the smallest mug is between the biggest mug and the other one"/>
 <item numOfParses="1" string="the bigger mug is to the right of the smallest one"/>

<!--scene VST#1 (5 / 55)-->

 <item numOfParses="1" string="what color is the mug"/>
 <item numOfParses="1" string="the mug near me is white"/>
 <item numOfParses="1" string="the white mug is far from you"/>
 <item numOfParses="1" string="one of the mugs is near me"/>
 <item numOfParses="1" string="take the nearest one"/>

<!--scene VST#3 (3 / 58)-->

 <item numOfParses="1" string="can you put the white mug alongside the big mug"/>
 <item numOfParses="1" string="take the bigger one"/>
 <item numOfParses="1" string="the bigger one is red"/>

<!--scene VST#4 (11 / 69)-->

 <item numOfParses="1" string="put the red ball alongside the mug and the other ball"/>
 <item numOfParses="1" string="look at the red mug and the white one"/>
 <item numOfParses="1" string="put the blue ball into the mug"/>
 <item numOfParses="1" string="get the red ball and put it near the blue one"/>
 <item numOfParses="1" string="would you want to play with the white mug"/>
 <item numOfParses="1" string="I will give the white mug to you "/>
 <item numOfParses="1" string="the white mug is to the right and behind the blue ball"/>
 <item numOfParses="1" string="tell me where is the blue ball"/>
 <item numOfParses="1" string="I would like you to tell me where is the blue ball"/>
 <item numOfParses="1" string="pick up the mug "/>
 <item numOfParses="1" string="pick up the mug and put it in front of the white one"/>

<!--scene VSTCP#1 (3 / 72)-->

 <item numOfParses="1" string="where is the big mug "/>
 <item numOfParses="1" string="the big mug is to the left of  the small one "/>
 <item numOfParses="1" string="the smaller one is to the right "/>
 <!--		## NOTE: All final analyses for this one will be filtered out, because always still complex category!!!! why?!-->
 
<!--scene KST#3 (3 / 75)-->

 <item numOfParses="1" string="can you pick up the big black mug"/>
 <item numOfParses="1" string="I think you can not pick up the black one"/>
 <item numOfParses="1" string="put the red mug in front of the big one"/>


</regression>