<?xml version="1.0" encoding="UTF-8"?>
<types xmlns:xsi="http://www.w3.org/2001/XMLSchema-instance" xsi:noNamespaceSchemaLocation="../../types.xsd" name="moloko">
  <type name="types"/>
  <type parents="types" name="mood-vals"/>
  <type parents="mood-vals" name="imp"/>
  <type parents="mood-vals" name="non-imp"/>
  <type parents="non-imp" name="ind"/>
  <type parents="non-imp" name="int"/>
  <type parents="types" name="vform-vals"/>
  <type parents="vform-vals" name="fin"/>
  <type parents="vform-vals" name="non-fin"/>
  <type parents="vform-vals" name="progr"/>
  <type parents="vform-vals" name="inf"/>
  <type parents="vform-vals" name="fronted"/>
  <type parents="vform-vals" name="vform-deictic"/>
  <type parents="types" name="pers-vals"/>
  <type parents="pers-vals" name="3rd"/>
  <type parents="pers-vals" name="non-3rd"/>
  <type parents="non-3rd" name="1st"/>
  <type parents="non-3rd" name="2nd"/>
  <type parents="types" name="num-vals"/>
  <type parents="num-vals" name="sg"/>
  <type parents="num-vals" name="pl"/>
  <type parents="types" name="case-vals"/>
  <type parents="case-vals" name="nom"/>
  <type parents="case-vals" name="acc"/>
  <type parents="types" name="nform"/>
  <type parents="nform" name="basic"/>
  <type parents="basic" name="addressable"/>
  <type parents="nform" name="dummy"/>
  <type parents="dummy" name="dummy-deic"/>
  <type parents="dummy" name="dummy-pers"/>
  <type parents="nform" name="WHNP"/>
  <type parents="WHNP" name="WHNP-subj"/>
  <type parents="WHNP-subj" name="who-subj"/>
  <type parents="WHNP" name="WHNP-obj"/>
  <type parents="WHNP-obj" name="who-obj"/>
  <type parents="WHNP-obj" name="what-obj"/>
  <type parents="WHNP" name="WHNP-pp-mod"/>
  <type parents="WHNP-pp-mod" name="where-location"/>
  <type parents="WHNP" name="WHNP-scomp"/>
  <type parents="types" name="degree-vals"/>
  <type parents="degree-vals" name="no-degrees"/>
  <type parents="degree-vals" name="degrees"/>
  <type parents="degrees" name="degree-base"/>
  <type parents="degrees" name="comparative"/>
  <type parents="degrees" name="superlative"/>
  <type parents="types" name="complex-cat-types"/>
  <type parents="complex-cat-types" name="s-left"/>
  <type parents="complex-cat-types" name="s-loose-left"/>
  <type parents="complex-cat-types" name="s-right"/>
  <type parents="complex-cat-types" name="vp-right"/>
  <type parents="complex-cat-types" name="vp-left"/>
  <type parents="complex-cat-types" name="n-left"/>
  <type parents="complex-cat-types" name="n-right"/>
  <type parents="s-right vp-right s-loose-left" name="adv.all"/>
  <type parents="s-right vp-right s-left" name="adv.1"/>
  <type parents="        vp-right s-left" name="adv.2"/>
  <type parents="s-right          s-left" name="adv.3"/>
  <type parents="                 s-left" name="adv.4"/>
  <type parents="n-left s-left vp-left s-right" name="prep.all"/>
  <type parents="s-left vp-left n-left" name="prep.1"/>
  <type parents="s-left vp-left" name="prep.2"/>
  <type parents="n-left" name="prep.3"/>
  <type parents="types" name="s-modifier-types"/>
  <type parents="s-modifier-types" name="s-negation"/>
  <type parents="s-modifier-types" name="s-purpose"/>
  <type parents="s-modifier-types" name="s-location"/>
  <type parents="s-modifier-types" name="s-dynamic"/>
  <type parents="s-dynamic" name="s-direction"/>
  <type parents="s-dynamic" name="s-wherefrom"/>
  <type parents="s-dynamic" name="s-whereto"/>
  <type parents="s-dynamic" name="s-through"/>
  <type parents="s-modifier-types" name="s-time"/>
  <type parents="s-modifier-types" name="s-comparison"/>
  <type parents="s-modifier-types" name="s-comment"/>
  <type parents="s-modifier-types" name="s-manner"/>
  <type parents="s-modifier-types" name="s-probability"/>
  <type parents="s-modifier-types" name="s-accompaniment"/>
  <type parents="s-modifier-types" name="s-benefactor"/>
  <type parents="s-modifier-types" name="s-serial"/>
  <type parents="s-frequency s-probability s-comment s-time " name="mod-class.4"/>
  <type parents="s-frequency s-probability s-comment s-time s-duration s-accompaniment s-benefactor s-comparison" name="mod-class.3"/>
  <type parents="s-frequency s-probability s-comment s-time s-duration s-accompaniment s-benefactor s-comparison s-negation" name="mod-class.3.neg"/>
  <type parents="s-frequency s-probability s-comment s-time s-duration s-accompaniment s-benefactor s-comparison s-location" name="mod-class.2"/>
  <type parents="s-frequency s-probability s-comment s-time s-duration s-accompaniment s-benefactor s-comparison s-location s-negation" name="mod-class.2.neg"/>
  <type parents="s-frequency s-probability s-comment s-time s-duration s-accompaniment s-benefactor s-comparison s-location s-manner s-serial" name="mod-class.1"/>
  <type parents="s-frequency s-probability s-comment s-time s-duration s-accompaniment s-benefactor s-comparison s-location s-manner s-serial s-dynamic" name="mod-class.all"/>
  <type parents="types" name="event"/>
  <type parents="event" name="relational"/>
  <type parents="event" name="action"/>
  <type parents="action" name="action-motion"/>
  <type parents="action" name="action-non-motion"/>
  <type parents="event" name="state"/>
  <type parents="state" name="existence"/>
  <type parents="state" name="ascription"/>
  <type parents="event" name="internal"/>
  <type parents="internal" name="perception"/>
  <type parents="internal" name="cognition"/>
  <type parents="event" name="modal"/>
  <type parents="event" name="communication"/>
  <type parents="types" name="entity"/>
  <type parents="entity" name="physical"/>
  <type parents="physical" name="animate"/>
  <type parents="animate" name="person"/>
  <type parents="physical" name="thing"/>
  <type parents="physical" name="part"/>
  <type parents="entity" name="e-location"/>
  <type parents="e-location" name="region"/>
  <type parents="entity" name="e-material"/>
  <type parents="entity" name="e-measure"/>
  <type parents="entity" name="e-event"/>
  <type parents="entity" name="e-time"/>
  <type parents="e-time" name="e-time-location"/>
  <type parents="e-time" name="e-time-unit"/>
  <type parents="entity event" name="deictic-pronoun"/>
  <type parents="entity" name="e-identifier"/>
  <type parents="e-identifier" name="loc-name"/>
  <type parents="e-identifier" name="number"/>
  <type parents="types" name="quality"/>
  <type parents="quality" name="q-physical"/>
  <type parents="q-physical" name="q-size"/>
  <type parents="q-physical" name="q-shape"/>
  <type parents="q-physical" name="q-age"/>
  <type parents="q-physical" name="q-color"/>
  <type parents="q-physical" name="q-state"/>
  <type parents="q-physical" name="q-material"/>
  <type parents="quality" name="q-position"/>
  <type parents="q-position" name="q-location"/>
  <type parents="q-position" name="q-number"/>
  <type parents="q-position" name="q-temporal"/>
  <type parents="q-position" name="q-discourse"/>
  <type parents="quality" name="q-attitude"/>
  <type parents="types" name="modifier"/>
  <type parents="modifier" name="m-negation"/>
  <type parents="modifier" name="m-dynamic"/>
  <type parents="m-dynamic" name="m-direction"/>
  <type parents="m-dynamic" name="m-wherefrom"/>
  <type parents="m-dynamic" name="m-whereto"/>
  <type parents="m-dynamic" name="m-through"/>
  <type parents="modifier" name="m-manner"/>
  <type parents="modifier" name="m-duration"/>
  <type parents="modifier" name="m-time"/>
  <type parents="modifier" name="m-location"/>
  <type parents="modifier" name="m-probability"/>
  <type parents="modifier" name="m-frequency"/>
  <type parents="modifier" name="m-comment"/>
  <type parents="modifier" name="m-serial"/>
  <type parents="modifier" name="m-accompaniment"/>
  <type parents="modifier" name="m-benefactor"/>
  <type parents="modifier" name="m-comparison"/>
  <type parents="modifier" name="m-relational"/>
  <type parents="m-relational" name="m-cause"/>
  <type parents="m-relational" name="m-result"/>
  <type parents="m-relational" name="m-condition"/>
  <type parents="modifier" name="m-purpose"/>
  <type parents="modifier" name="m-intensity"/>
  <type parents="types" name="discourse"/>
  <type parents="discourse" name="cue"/>
  <type parents="discourse" name="greeting"/>
  <type parents="discourse" name="reject"/>
  <type parents="discourse" name="acknowledge"/>
  <type parents="discourse" name="evaluate"/>
</types>
