<?xml version="1.0" encoding="UTF-8"?>
<types name="moloko.ccg" xmlns:xsi="http://www.w3.org/2001/XMLSchema-instance" xsi:noNamespaceSchemaLocation="../types.xsd">
  <type name="DEGREE"/>
  <type name="s-no-degrees" parents="DEGREE"/>
  <type name="s-degrees" parents="DEGREE"/>
  <type name="s-degree-base" parents="s-degrees"/>
  <type name="s-comparative" parents="s-degrees"/>
  <type name="s-superlative" parents="s-degrees"/>
  <type name="NUMBER"/>
  <type name="sg" parents="NUMBER"/>
  <type name="pl" parents="NUMBER"/>
  <type name="ont-quality"/>
  <type name="quality" parents="ont-quality"/>
  <type name="q-physical" parents="quality"/>
  <type name="q-position" parents="quality"/>
  <type name="q-attitude" parents="quality"/>
  <type name="q-size" parents="q-physical"/>
  <type name="q-shape" parents="q-physical"/>
  <type name="q-age" parents="q-physical"/>
  <type name="q-color" parents="q-physical"/>
  <type name="q-state" parents="q-physical"/>
  <type name="q-material" parents="q-physical"/>
  <type name="q-location" parents="q-position"/>
  <type name="q-number" parents="q-position"/>
  <type name="q-temporal" parents="q-position"/>
  <type name="q-discourse" parents="q-position"/>
  <type name="ASPECT"/>
  <type name="continuous" parents="ASPECT"/>
  <type name="perfect" parents="ASPECT"/>
  <type name="MOD-TYPE"/>
  <type name="x-negation" parents="MOD-TYPE"/>
  <type name="x-dynamic" parents="MOD-TYPE"/>
  <type name="x-manner" parents="MOD-TYPE"/>
  <type name="x-duration" parents="MOD-TYPE"/>
  <type name="x-time" parents="MOD-TYPE"/>
  <type name="x-location" parents="MOD-TYPE"/>
  <type name="x-probability" parents="MOD-TYPE"/>
  <type name="x-frequency" parents="MOD-TYPE"/>
  <type name="x-comment" parents="MOD-TYPE"/>
  <type name="x-serial" parents="MOD-TYPE"/>
  <type name="x-accompaniment" parents="MOD-TYPE"/>
  <type name="x-instrumental" parents="MOD-TYPE"/>
  <type name="x-comparison" parents="MOD-TYPE"/>
  <type name="x-benefactor" parents="MOD-TYPE"/>
  <type name="x-relational" parents="MOD-TYPE"/>
  <type name="x-purpose" parents="MOD-TYPE"/>
  <type name="x-intensity" parents="MOD-TYPE"/>
  <type name="x-direction" parents="x-dynamic"/>
  <type name="x-whereto" parents="x-dynamic"/>
  <type name="x-wherefrom" parents="x-dynamic"/>
  <type name="x-through" parents="x-dynamic"/>
  <type name="x-cause" parents="x-relational"/>
  <type name="x-result" parents="x-relational"/>
  <type name="x-condition" parents="x-relational"/>
  <type name="VOICE"/>
  <type name="active" parents="VOICE"/>
  <type name="passive" parents="VOICE"/>
  <type name="ont-entity"/>
  <type name="entity" parents="ont-entity"/>
  <type name="physical" parents="entity"/>
  <type name="e-location" parents="entity"/>
  <type name="e-material" parents="entity"/>
  <type name="e-measure" parents="entity"/>
  <type name="e-event" parents="entity"/>
  <type name="e-time" parents="entity"/>
  <type name="animate" parents="physical"/>
  <type name="thing" parents="physical"/>
  <type name="part" parents="physical"/>
  <type name="person" parents="animate"/>
  <type name="region" parents="e-location"/>
  <type name="e-time-location" parents="e-time"/>
  <type name="e-time-unit" parents="e-time"/>
  <type name="POLARITY"/>
  <type name="pos" parents="POLARITY"/>
  <type name="neg" parents="POLARITY"/>
  <type name="PROXIMITY"/>
  <type name="distal" parents="PROXIMITY"/>
  <type name="proximal" parents="PROXIMITY"/>
  <type name="ont-modifier"/>
  <type name="modifier" parents="ont-modifier"/>
  <type name="m-negation" parents="modifier"/>
  <type name="m-dynamic" parents="modifier"/>
  <type name="m-manner" parents="modifier"/>
  <type name="m-duration" parents="modifier"/>
  <type name="m-time" parents="modifier"/>
  <type name="m-location" parents="modifier"/>
  <type name="m-probability" parents="modifier"/>
  <type name="m-frequency" parents="modifier"/>
  <type name="m-comment" parents="modifier"/>
  <type name="m-serial" parents="modifier"/>
  <type name="m-accompaniment" parents="modifier"/>
  <type name="m-instrumental" parents="modifier"/>
  <type name="m-benefactor" parents="modifier"/>
  <type name="m-relational" parents="modifier"/>
  <type name="m-purpose" parents="modifier"/>
  <type name="m-intensity" parents="modifier"/>
  <type name="m-comparison" parents="modifier"/>
  <type name="m-restriction" parents="modifier"/>
  <type name="m-direction" parents="m-dynamic"/>
  <type name="m-whereto" parents="m-dynamic"/>
  <type name="m-wherefrom" parents="m-dynamic"/>
  <type name="m-through" parents="m-dynamic"/>
  <type name="m-cause" parents="m-relational"/>
  <type name="m-result" parents="m-relational"/>
  <type name="m-condition" parents="m-relational"/>
  <type name="PERS"/>
  <type name="non-3rd" parents="PERS"/>
  <type name="3rd" parents="PERS"/>
  <type name="1st" parents="non-3rd"/>
  <type name="2nd" parents="non-3rd"/>
  <type name="POL"/>
  <type name="s-pos" parents="POL"/>
  <type name="s-prov-pos" parents="POL"/>
  <type name="s-neg" parents="POL"/>
  <type name="NUM"/>
  <type name="s-sg-or-pl" parents="NUM"/>
  <type name="s-mass" parents="NUM"/>
  <type name="s-num-post" parents="NUM"/>
  <type name="s-sg" parents="s-sg-or-pl"/>
  <type name="s-pl" parents="s-sg-or-pl"/>
  <type name="TENSE"/>
  <type name="past" parents="TENSE"/>
  <type name="pres" parents="TENSE"/>
  <type name="fut" parents="TENSE"/>
  <type name="CC-TYPE"/>
  <type name="post-s" parents="CC-TYPE"/>
  <type name="post-s-loose" parents="CC-TYPE"/>
  <type name="pre-s" parents="CC-TYPE"/>
  <type name="pre-vp" parents="CC-TYPE"/>
  <type name="post-vp" parents="CC-TYPE"/>
  <type name="post-n" parents="CC-TYPE"/>
  <type name="pre-n" parents="CC-TYPE"/>
  <type name="cc-none" parents="CC-TYPE"/>
  <type name="adv-all" parents="pre-s pre-vp post-vp post-s"/>
  <type name="adv-1" parents="pre-s pre-vp post-vp post-s"/>
  <type name="adv-2" parents="pre-vp post-vp post-s"/>
  <type name="adv-3" parents="pre-s post-vp post-s"/>
  <type name="adv-4" parents="post-vp post-s"/>
  <type name="adv-5" parents="pre-s pre-vp"/>
  <type name="prep-all" parents="post-n post-s post-vp pre-s"/>
  <type name="prep-1" parents="post-n post-s post-vp"/>
  <type name="prep-2" parents="post-s post-vp"/>
  <type name="prep-3" parents="post-n"/>
  <type name="CASE"/>
  <type name="nom" parents="CASE"/>
  <type name="acc" parents="CASE"/>
  <type name="MCLASS"/>
  <type name="s-negation" parents="MCLASS"/>
  <type name="s-dynamic" parents="MCLASS"/>
  <type name="s-manner" parents="MCLASS"/>
  <type name="s-duration" parents="MCLASS"/>
  <type name="s-time" parents="MCLASS"/>
  <type name="s-location" parents="MCLASS"/>
  <type name="s-probability" parents="MCLASS"/>
  <type name="s-frequency" parents="MCLASS"/>
  <type name="s-comment" parents="MCLASS"/>
  <type name="s-serial" parents="MCLASS"/>
  <type name="s-accompaniment" parents="MCLASS"/>
  <type name="s-instrumental" parents="MCLASS"/>
  <type name="s-comparison" parents="MCLASS"/>
  <type name="s-benefactor" parents="MCLASS"/>
  <type name="s-relational" parents="MCLASS"/>
  <type name="s-purpose" parents="MCLASS"/>
  <type name="s-intensity" parents="MCLASS"/>
  <type name="s-none" parents="MCLASS"/>
  <type name="m-class-none" parents="s-none"/>
  <type name="m-class-4" parents="s-frequency s-probability s-comment s-time"/>
  <type name="m-class-3" parents="s-frequency s-probability s-comment s-time s-duration s-instrumental s-accompaniment s-benefactor s-comparison"/>
  <type name="m-class-2" parents="s-frequency s-probability s-comment s-time s-duration s-instrumental s-accompaniment s-benefactor s-comparison s-location"/>
  <type name="m-class-1" parents="s-frequency s-probability s-comment s-time s-duration s-instrumental s-accompaniment s-benefactor s-comparison s-location s-manner s-serial"/>
  <type name="m-class-all" parents="s-frequency s-probability s-comment s-time s-duration s-instrumental s-accompaniment s-benefactor s-comparison s-location s-manner s-serial s-dynamic"/>
  <type name="s-direction" parents="s-dynamic"/>
  <type name="s-whereto" parents="s-dynamic"/>
  <type name="s-wherefrom" parents="s-dynamic"/>
  <type name="s-through" parents="s-dynamic"/>
  <type name="s-cause" parents="s-relational"/>
  <type name="s-result" parents="s-relational"/>
  <type name="s-condition" parents="s-relational"/>
  <type name="NFORM"/>
  <type name="full" parents="NFORM"/>
  <type name="pro" parents="NFORM"/>
  <type name="nf-ctxt" parents="NFORM"/>
  <type name="ont-event"/>
  <type name="event" parents="ont-event"/>
  <type name="relational" parents="event"/>
  <type name="action" parents="event"/>
  <type name="state" parents="event"/>
  <type name="internal" parents="event"/>
  <type name="modal" parents="event"/>
  <type name="communication" parents="event"/>
  <type name="action-motion" parents="action"/>
  <type name="action-non-motion" parents="action"/>
  <type name="existence" parents="state"/>
  <type name="ascription" parents="state"/>
  <type name="perception" parents="internal"/>
  <type name="cognition" parents="internal"/>
  <type name="VFORM"/>
  <type name="fin" parents="VFORM"/>
  <type name="vf-base" parents="VFORM"/>
  <type name="inf" parents="VFORM"/>
  <type name="ing" parents="VFORM"/>
  <type name="pp" parents="VFORM"/>
  <type name="vf-be" parents="VFORM"/>
  <type name="for-ing" parents="VFORM"/>
  <type name="vf-deictic" parents="VFORM"/>
  <type name="FIN"/>
  <type name="be" parents="FIN"/>
  <type name="do" parents="FIN"/>
  <type name="can" parents="FIN"/>
  <type name="should" parents="FIN"/>
  <type name="will" parents="FIN"/>
  <type name="could" parents="FIN"/>
  <type name="would" parents="FIN"/>
  <type name="must" parents="FIN"/>
  <type name="have" parents="FIN"/>
  <type name="MOOD"/>
  <type name="s-major" parents="MOOD"/>
  <type name="s-minor" parents="MOOD"/>
  <type name="s-ind" parents="s-major"/>
  <type name="s-imp" parents="s-major"/>
  <type name="s-int" parents="s-major"/>
  <type name="s-ind-ell" parents="s-major"/>
  <type name="QUANTIFICATION"/>
  <type name="specific" parents="QUANTIFICATION"/>
  <type name="unspecific" parents="QUANTIFICATION"/>
  <type name="uncountable" parents="QUANTIFICATION"/>
  <type name="DELIMINATION"/>
  <type name="unique" parents="DELIMINATION"/>
  <type name="existential" parents="DELIMINATION"/>
  <type name="variable" parents="DELIMINATION"/>
  <type name="M-PROXIMITY"/>
  <type name="m-distal" parents="M-PROXIMITY"/>
  <type name="m-proximal" parents="M-PROXIMITY"/>
  <type name="ont-discourse"/>
  <type name="discourse" parents="ont-discourse"/>
  <type name="alignment" parents="discourse"/>
  <type name="cue" parents="discourse"/>
  <type name="greeting" parents="discourse"/>
  <type name="reject" parents="discourse"/>
  <type name="acknowledge" parents="discourse"/>
  <type name="evaluate" parents="discourse"/>
  <type name="E-PROXIMITY"/>
  <type name="e-distal" parents="E-PROXIMITY"/>
  <type name="e-proximal" parents="E-PROXIMITY"/>
</types>
